{
    "customreactions_all_stats_cleared": "Reaktionsstatistiken gelöscht.",
    "customreactions_deleted": "Benutzerdefinierte Reaktion gelöscht.",
    "customreactions_insuff_perms": "Unzureichende Rechte. Dies erfordert das Sie den Bot besitzen für globale Reaktionen, und Administratorrechte für serverseitige Reaktionen.",
    "customreactions_list_all": "Liste aller benutzerdefinierten Reaktionen",
    "customreactions_name": "Benutzerdefinierte Reaktionen",
    "customreactions_new_cust_react": "Neue benutzerdefinierte Reaktion",
    "customreactions_no_found": "Keine benutzerdefinierten Reaktionen gefunden.",
    "customreactions_no_found_id": "Keine benutzerdefinierte Reaktion mit dieser ID gefunden.",
    "customreactions_response": "Antwort",
    "customreactions_stats": "Reaktionsstatistiken",
    "customreactions_stats_cleared": "Statistiken für die Reaktion {0} gelöscht.",
    "customreactions_stats_not_found": "Keine Statistiken für diesen Auslöser gefunden, keine Aktion unternommen.",
    "customreactions_trigger": "Auslöser",
    "nsfw_autohentai_stopped": "Autohentai angehalten.",
    "nsfw_not_found": "Keine Ergebnisse gefunden.",
    "pokemon_already_fainted": "{0} ist bereits ohnmächtig.",
    "pokemon_already_full": "{0} hat bereits volle LP.",
    "pokemon_already_that_type": "Dein Typ ist bereits {0}",
    "pokemon_attack": "benutzte {0}{1} an {2}{3} für {4} Schaden.",
    "pokemon_cant_attack_again": "Sie können ohne Gegenangriff nicht erneut angreifen!",
    "pokemon_cant_attack_yourself": "Sie können sich nicht selber angreifen.",
    "pokemon_fainted": "{0} wurde ohnmächtig!",
    "pokemon_healed": "heilte {0} mit einer {1}",
    "pokemon_hp_remaining": "{0} hat {1} LP übrig.",
    "pokemon_invalid_move": "Sie können {0} nicht benutzen. Schreibe `{1}ml` um eine Liste deiner verfügbaren Angriffe zu sehen.",
    "pokemon_moves": "Angriffsliste für den Typ {0}",
    "pokemon_not_effective": "Das ist nicht sehr effektiv.",
    "pokemon_no_currency": "Sie haben nicht genug {0}",
    "pokemon_revive_other": "belebte {0} wieder mit einem {1}",
    "pokemon_revive_yourself": "Sie haben sich selbst wiederbelebt mit einem {0}",
    "pokemon_settype_success": "Dein Typ wurde verändert von {0} mit einem {1}",
    "pokemon_somewhat_effective": "Das ist etwas effektiv.",
    "pokemon_super_effective": "Das ist sehr effektiv!",
    "pokemon_too_many_moves": "Sie haben zu viele Angriffe hintereinander eingesetzt, sodass Sie sich nicht bewegen können!",
    "pokemon_type_of_user": "Typ von {0} ist {1}",
    "pokemon_user_not_found": "Benutzer nicht gefunden.",
    "pokemon_you_fainted": "Sie sind ohnmächtig, daher können Sie sich nicht bewegen!",
    "administration_aar_disabled": "**Automatische Rollenzuteilung** wenn ein Benutzer beitritt ist nun **deaktiviert**.",
    "administration_aar_enabled": "**Automatische Rollenzuteilung** wenn ein Benutzer beitritt ist nun **aktiviert**.",
    "administration_attachments": "Anhänge",
    "administration_avatar_changed": "Avatar varändert",
    "administration_bandm": "Sie wurden vom Server {0} gebannt.\nGrund: {1}",
    "administration_banned_pl": "gebannt",
    "administration_banned_user": "Benutzer gebannt",
    "administration_bot_name": "Name des Bots geändert zu {0}",
    "administration_bot_status": "Status des Bots geändert zu {0}",
    "administration_byedel_off": "Automatisches Löschen von Abschiedsnachrichten ist nun deaktiviert.",
    "administration_byedel_on": "Abschiedsnachrichten werden nun nach {0} Sekunden gelöscht.",
    "administration_byemsg_cur": "Aktuelle Abschiedsnachricht: {0}",
    "administration_byemsg_enable": "Schalte Abschiedsnachrichten ein durch schreiben von {0}",
    "administration_byemsg_new": "Neues Abschiedsnachrichtenset.",
    "administration_bye_off": "Abschiedsnachrichten deaktiviert.",
    "administration_bye_on": "Abschiedsnachrichten eingeschaltet in diesem Kanal.",
    "administration_ch_name_change": "Kanalname geändert",
    "administration_ch_old_name": "Alter Name",
    "administration_ch_topic_change": "Kanalthema geändert",
    "administration_cleaned_up": "Aufgeräumt.",
    "administration_content": "Inhalt",
    "administration_cr": "Rolle {0} erfolgreich erstellt",
    "administration_createtextchan": "Textkanal {0} erstellt.",
    "administration_createvoich": "Sprachkanal {0} erstellt.",
    "administration_deafen": "Taubschaltung erfolgreich.",
    "administration_deleted_server": "Server {0} gelöscht",
    "administration_delmsg_off": "Automatisches Löschen von erfolgreichen Befehlsausführungen gestoppt.",
    "administration_delmsg_on": "Automatisches Löschen von erfolgreichen Befehlsausführungen gestartet.",
    "administration_deltextchan": "Textkanal {0} gelöscht.",
    "administration_delvoich": "Sprachkanal {0} gelöscht.",
    "administration_dm_from": "DN von",
    "administration_donadd": "Erfolgreich einen neuen Spender hinzugefügt. Gesamte Spendenmenge von diesem Benutzer: {0} 👑",
    "administration_donators": "Danke für die untenstehenden Leute die dieses Projekt möglich gemacht haben!",
    "administration_fwall_start": "Ich werde DNs zu allen Besitzern weiterleiten.",
    "administration_fwall_stop": "Ich werde DNs zum ersten Besitzer weiterleiten.",
    "administration_fwdm_start": "Ich werde nun DNs weiterleiten.",
    "administration_fwdm_stop": "Ich werde aufhören DNs weiterzuleiten.",
    "administration_greetdel_off": "Automatisches löschen der Begrüßungsnachrichten wurde deaktiviert.",
    "administration_greetdel_on": "Begrüßungsnachrichten werden gelöscht nach {0} Sekunden.",
    "administration_greetdmmsg_cur": "Aktuelle DN Begrüßungsnachricht: {0}",
    "administration_greetdmmsg_enable": "Aktiviere DN Begrüßungsnachrichten durch schreiben von: {0}",
    "administration_greetdmmsg_new": "Neue DN Begrüßungsnachricht wurde gesetzt.",
    "administration_greetdm_off": "Begrüßungsankündigungen wurden deaktiviert.",
    "administration_greetdm_on": "DN Begrüßungsankündigungen wurden aktiviert.",
    "administration_greetmsg_cur": "Aktuelle Begrüßungsnachricht: {0}",
    "administration_greetmsg_enable": "Aktiviere Begrüßungsnachrichten durch schreiben von: {0}",
    "administration_greetmsg_new": "Neue Begrüßungsnachricht wurde gesetzt.",
    "administration_greet_off": "Begrüßungsankündigungen wurden deaktiviert.",
    "administration_greet_on": "Begrüßungsankündigungen wurden für diesen Kanal aktiviert.",
    "administration_hierarchy": "Sie können diesen befehl nicht an Benutzern mit einer Rolle über oder gleich zu Ihrer in der Rangordnung benutzen.",
    "administration_images_loaded": "Bilder wurden geladen nach {0} Sekunden!",
    "administration_invalid_format": "Ungültiges Eingabeformat.",
    "administration_invalid_params": "Ungültige Übergabevariable.",
    "administration_joined": "{0} ist {1} beigetreten",
    "administration_kickdm": "Sie haben {0} von dem Server gekickt.\nGrund: {1}",
    "administration_kicked_user": "Benutzer wurde gekickt",
    "administration_lang_list": "Liste der Sprachen",
    "administration_lang_set": "Die Sprachumgebung des Servers ist jetzt {0} - {1}",
    "administration_lang_set_bot": "Die Sprachumgebung des Bots ist nun {0} - {1}",
    "administration_lang_set_bot_show": "Die Sprache des Bots ist {0} - {1}",
    "administration_lang_set_fail": "Setzen der Sprachumgebung fehlgeschlagen. Greifen Sie auf diesen Befehls hilfe erneut auf.",
    "administration_lang_set_show": "Diese Servers Sprache wurde zu {0} - {1} gesetzt",
    "administration_left": "{0} verließ {1}",
    "administration_left_server": "Server {0} wurde verlassen",
    "administration_log": "Ereignis {0} wird in diesem Kanal aufgezeichnet.",
    "administration_log_all": "Alle Ereignisse wird in diesem Kanal aufgezeichnet.",
    "administration_log_disabled": "Aufzeichnungen wurden deaktiviert.",
    "administration_log_events": "Aufzeichnungs Ereignisse die Sie abonnieren können:",
    "administration_log_ignore": "Aufzeichnungen werden {0} ignorieren",
    "administration_log_not_ignore": "Aufzeichnungen werden {0} nicht ignorieren",
    "administration_log_stop": "Aufzeichnung von Ereignis {0} gestoppt.",
    "administration_menrole": "{0} hat eine Erwähnung von den folgended Rollen aufgerufen",
    "administration_message_from_bo": "nachricht von {0}  `[Besitzer des Bots]`:",
    "administration_message_sent": "Nachricht gesendet.",
    "administration_moved": "{0} wurde von {1} zu {2} verschoben",
    "administration_msg_del": "Nachricht in #{0} gelöscht",
    "administration_msg_update": "Nachricht in #{0} aktualisiert",
    "administration_muted_pl": "wurden Stummgeschalten",
    "administration_muted_sn": "wurde Stummgeschalten",
    "administration_mute_error": "Ich habe wahrscheinlich die benötigten Rechte für dies nicht.",
    "administration_mute_role_set": "Neue Stumme Rolle gesetzt.",
    "administration_need_admin": "Ich brauche **Administrations** rechte um dies tun zu können.",
    "administration_new_msg": "Neue Nachricht",
    "administration_new_nick": "Neuer Nickname",
    "administration_new_topic": "Neues Thema",
    "administration_nick_change": "Nickname wurde geändert",
    "administration_no_server": "Konnte den Server nicht finden",
    "administration_no_shard_id": "Kein Shard mit dieser ID gefunden.",
    "administration_old_msg": "Alte Nachricht",
    "administration_old_nick": "Alter Nickname",
    "administration_old_topic": "Altes Thema",
    "administration_perms": "Fehler. Ich habe wahrscheinlich nicht ausreichend Rechte.",
    "administration_prot_active": "Aktive Schutzmechanismen",
    "administration_prot_disable": "{0} wurde auf diesem Server **deaktiviert**.",
    "administration_prot_enable": "{0} aktiviert",
    "administration_prot_error": "Fehler. Ich benötige die Berechtigung RollenVerwalten",
    "administration_prot_none": "Keine Schutzmechanismen aktiviert.",
    "administration_raid_cnt": "Benutzerschwelle muss zwischen {0} und {1} sein.",
    "administration_raid_stats": "Wenn {0} oder mehr Benutzer innerhalb von {1} Sekunden beitreten werde ich Sie {2}.",
    "administration_raid_time": "Zeit muss zwischen {0} und {1} sekunden sein.",
    "administration_rar": "Erfolgreich alle Rollen vom Benutzer {0} entfernt",
    "administration_rar_err": "Rollen konnten nicht entfernt werden. Ich habe nicht die erforderlichen Rechte.",
    "administration_rc": "Farbe der Rolle {0} wurde geändert.",
    "administration_rc_not_exist": "Diese Rolle existiert nicht.",
    "administration_rc_params": "Die angegebenen Parameter sind ungültig.",
    "administration_rc_perms": "Fehler ist aufgetreten aufgrund von einer ungültigen Farbe oder fehlenden Rechten.",
    "administration_remrole": "Erfolgreich die Rolle {0} vom Benutzer {1} entfernt",
    "administration_remrole_err": "Entfernen der Rolle fehlgeschlagen. Ich habe nicht die erforderlichen Rechte.",
    "administration_renrole": "Rolle umbenannt.",
    "administration_renrole_err": "Umbenennen der Rolle fehlgeschlagen. Ich habe nicht die erforderlichen Rechte.",
    "administration_renrole_perms": "Sie kännen keine Rollen bearbeiten die höher als Ihre eigenen sind.",
    "administration_reprm": "Die Abspielnachricht wurde entfernt: {0}",
    "administration_role_added": "Die Rolle {0} wurde zur Liste hinzugefügt.",
    "administration_role_clean": "{0} nicht gefunden. Aufgeräumt.",
    "administration_role_in_list": "Die Rolle {0} ist bereits in der Liste.",
    "administration_ropl_added": "Hinzugefügt.",
    "administration_ropl_disabled": "Rotation des Spielstatus deaktiviert.",
    "administration_ropl_enabled": "Rotation des Spielstatus aktiviert.",
    "administration_ropl_list": "Hier ist die Liste der rotierenden Status:\n{0}",
    "administration_ropl_not_set": "Keine rotierenden Status gesetzt.",
    "administration_self_assign_already": "Sie haben bereits die Rolle {0}.",
    "administration_self_assign_already_excl": "Sie haben bereits die exklusive, selbstzugewiesene Rolle {0}.",
    "administration_self_assign_excl": "Selbst zugewiesene Rollen sind nun exklusiv!",
    "administration_self_assign_list": "Es gibt {0} Rollen, die man sich selbst zuweisen kann.",
    "administration_self_assign_not": "Diese Rolle kann man sich nicht selbst zuweisen.",
    "administration_self_assign_not_have": "Sie haben die Rolle {0} nicht.",
    "administration_self_assign_no_excl": "Selbst zugewiesene Rollen sind nicht länger exklusiv!",
    "administration_self_assign_perms": "Ich kann Ihnen diese Rolle nicht zuweisen. `Ich kann keine Rollen zu Besitzern oder andere Rollen die höher als meine in der Rangordnung sind hinzufügen.`",
    "administration_self_assign_rem": "{0} wurde von der Liste der selbst zuweisbaren Rollen entfernt.",
    "administration_self_assign_remove": "Sie haben nicht länger die Rolle {0}.",
    "administration_self_assign_success": "Sie haben nun die Rolle {0}.",
    "administration_setrole": "Erfolgreich die Rolle {0} zum Benutzer {1} hinzugefügt",
    "administration_setrole_err": "Fehlgeschlagen die Rolle hinzuzufügen. Ich habe nicht die erforderlichen Rechte.",
    "administration_set_avatar": "Neuer Avatar gesetzt!",
    "administration_set_channel_name": "Neuer Kanalname gesetzt.",
    "administration_set_game": "Neues Spiel gesetzt!",
    "administration_set_stream": "Neuer Stream gesetzt!",
    "administration_set_topic": "Neues Kanalthema gesetzt.",
    "administration_shard_reconnected": "Verbindung zu Shard {0} wiederhergestellt.",
    "administration_shard_reconnecting": "Verbindung zu Shard {0} wird wiederhergestellt.",
    "administration_shutting_down": "Fahre herunter",
    "administration_slowmode_desc": "Benutzer können nicht mehr als {0} Nachrichten alle {1} Sekunden senden.",
    "administration_slowmode_disabled": "Slow mode deaktiviert.",
    "administration_slowmode_init": "Slow mode eingeleitet",
    "administration_soft_banned_pl": "soft-banned (gekickt)",
    "administration_spam_ignore": "{0} wird diesen Kanal ignorieren.",
    "administration_spam_not_ignore": "{0} wird diesen Kanal nicht mehr ignorieren.",
    "administration_spam_stats": "Wenn ein Benutzer {0} gleiche Nachrichten sendet werde ich ihn {1}.\n__ignoredChannels__: {2}",
    "administration_text_chan_created": "Textkanal erstellt",
    "administration_text_chan_destroyed": "Textkanal zerstört",
    "administration_undeafen": "Taubschaltung aufgehoben.",
    "administration_unmuted_sn": "Stummschaltung aufgehoben",
    "administration_username": "Benutzername",
    "administration_username_changed": "Benutzername geändert",
    "administration_users": "Benutzer",
    "administration_user_banned": "Benutzer gebannt",
    "administration_user_chat_mute": "{0} wurde **stummgeschaltet** im Chat.",
    "administration_user_chat_unmute": "{0} ist nicht länger **stummgeschaltet** im Chat.",
    "administration_user_joined": "Benutzer ist beigetreten",
    "administration_user_left": "Benutzer ist gegangen",
    "administration_user_muted": "{0} wurde **stummgeschaltet** im Text- und Sprachchat.",
    "administration_user_role_add": "Benutzerrolle hinzugefügt",
    "administration_user_role_rem": "Benutzerrolle entfernt",
    "administration_user_status_change": "{0} ist nun {1}",
    "administration_user_unmuted": "{0} ist nicht länger **stummgeschaltet** im Text- und Sprachchat.",
    "administration_user_vjoined": "{0} ist dem Sprachkanal {1} beigetreten.",
    "administration_user_vleft": "{0} hat den Sprachkanal {1} verlassen.",
    "administration_user_vmoved": "{0} ging vom Sprachkanal {1} zu {2}.",
    "administration_user_voice_mute": "{0} wurde **stummgeschaltet** im Sprachchat.",
    "administration_user_voice_unmute": "{0} ist nicht länger **stummgeschaltet** im Sprachchat.",
    "administration_voice_chan_created": "Sprachkanal erstellt",
    "administration_voice_chan_destroyed": "Sprachkanal zerstört",
    "administration_vt_disabled": "Text- und Sprachfunktion deaktiviert.",
    "administration_vt_enabled": "Text- und Sprachfunktion aktiviert.",
    "administration_vt_exit": "Ich habe keine **Rollenmanagement**- und/oder **Kanalmanagement**-Rechte, sodass ich `voice+text` auf dem Server {0} nicht ausführen kann.",
    "administration_vt_no_admin": "Sie schalten diese Funktion ein bzw. aus und **ich habe keine ADMINISTRATORRECHTE**. Dies könnte einige Probleme hervorrufen, sodass sie ihre Textkanäle eventuell selber aufräumen müssen.",
    "administration_vt_perms": "Ich benötige mindestens **Rollenmanagement**- und **Kanalmanagement**-Rechte um diese Funktion zu aktivieren. (Bevorzugt Administratorrechte)",
    "administration_xmuted_text": "Benutzer {0} vom Textchat",
    "administration_xmuted_text_and_voice": "Benutzer {0} vom Text- und Sprachchat",
    "administration_xmuted_voice": "Benutzer {0} vom Sprachchat",
    "administration_sbdm": "Sie wurden vom Server {0} gekickt.\nGrund: {1}",
    "administration_user_unbanned": "Benutzer entbannt",
    "administration_migration_done": "Migration fertig!",
    "administration_presence_updates": "Anwesenheits Änderungen",
    "administration_sb_user": "Nutzer wurde gekickt",
    "gambling_awarded": "gab {0} an {1}",
    "gambling_better_luck": "Hoffentlich haben Sie beim nächsten Mal mehr Glück ^_^",
    "gambling_br_win": "Glückwunsch! Sie haben {0} gewonnen, weil Sie über {1} gewürfelt haben",
    "gambling_deck_reshuffled": "Deck neu gemischt.",
    "gambling_flipped": "Münzwurfergebnis: {0}.",
    "gambling_flip_guess": "Sie haben es erraten! Sie haben {0} gewonnen",
    "gambling_flip_invalid": "Ungültige Anzahl angegeben. Sie können 1 bis {0} Münzen werfen.",
    "gambling_flowerreaction_desc": "Füge die {0} Reaktion zu dieser Nachricht hinzu um {1} zu erhalten",
    "gambling_flowerreaction_footer": "Dieses Ereignis ist aktiv für bis zu {0} Stunden.",
    "gambling_flowerreaction_title": "Blumen-Reaktions-Ereignis gestartet",
    "gambling_gifted": "hat {0} an {1} verschenkt",
    "gambling_has": "{0} hat {1}",
    "gambling_heads": "Kopf",
    "gambling_leaderboard": "Bestenliste",
    "gambling_mass_award": "{0} zu {1} Benutzern der Rolle {2} verliehen.",
    "gambling_max_bet_limit": "Sie können nicht mehr als {0} wetten",
    "gambling_min_bet_limit": "Sie können nicht weniger als {0} wetten",
    "gambling_not_enough": "Sie haben nicht genug {0}",
    "gambling_no_more_cards": "Keine Karten mehr im Deck.",
    "gambling_raffled_user": "Ausgewählter Benutzer",
    "gambling_roll": "Sie haben eine {0} gewürfelt.",
    "gambling_slot_bet": "Wette",
    "gambling_slot_jackpot": "WOAAHHHHHH!!! Glückwunsch!!! x{0}",
    "gambling_slot_single": "Eine einzelne {0}, x{1}",
    "gambling_slot_three": "Wow! Glückspilz! Ein Drilling! x{0}",
    "gambling_slot_two": "Gut gemacht! Zwei {0} - Einsatz x{1}",
    "gambling_slot_won": "Gewonnen",
    "gambling_sneakygamestatus_desc": "Benutzer müssen einen geheimen Code schreiben um {0} zu erhalten. Gültig für {1} Sekunden. Erzähls niemanden. Pshhh.",
    "gambling_sneakygamestatus_end": "Das SneakyGame-Event ist beendet. {0} Nutzer haben die Belohnung erhalten",
    "gambling_sneakygamestatus_title": "SneakyGameStatus-Event wurde gestartet",
    "gambling_tails": "Zahl",
    "gambling_take": "hat erfolgreich {0} von {1} genommen",
    "gambling_take_fail": "war es nicht möglich {0} von {1} zu nehmen, da der Benutzer nicht so viele {2} besitzt!",
    "help_back_to_toc": "Zurück zu ToC",
    "help_bot_owner_only": "Nur Bot-Besitzer",
    "help_channel_permission": "Benötigt Kanalrecht {0}.",
    "help_cmdlist_donate": "Sie können das Projekt auf Patreon: <{0}> oder Paypal: <{1}> unterstützen.",
    "help_cmd_and_alias": "Befehle und Alias",
    "help_commandlist_regen": "Befehlsliste neu generiert.",
    "help_commands_instr": "Gebe `{0}h NameDesBefehls` ein, um die Hilfestellung für diesen Befehl zu sehen. Z.B. `{0}h {0}8ball`",
    "help_command_not_found": "Ich konnte diesen Befehl nicht finden. Bitte stelle sicher das dieser Befehl existiert bevor Sie es erneut versuchen.",
    "help_desc": "Beschreibung",
    "help_donate": "Sie können das NadekoBot-Projekt über \nPatreon <{0}> oder \nPayPal <{1}> unterstützen.\nVergessen Sie bitte nicht, Ihren Discord-Namen oder Ihre ID in der Nachricht zu hinterlassen.\n\n**Vielen Dank**♥️",
    "help_guide": "**Liste der Befehle**: <{0}>\n**Hosting Anleitungen und Dokumentationen können hier gefunden werden**: <{1}>",
    "help_list_of_commands": "Liste der Befehle",
    "help_list_of_modules": "Liste der Module",
    "help_modules_footer": "Schreibe `{0}cmds ModuleName` um eine Liste aller Befehle dieses Moduls zu erhalten. z.B. `{0}cmds games`",
    "help_module_not_found": "Dieses Modul existiert nicht.",
    "help_server_permission": "Benötigt Serverrecht {0}.",
    "help_table_of_contents": "Inhaltsverzeichnis",
    "help_usage": "Verwendung",
    "nsfw_autohentai_started": "Autohentai wurde gestartet. Es wird alle {0} Sekunden etwas mit einem der folgenden Stichwörtern gepostet: {1}",
    "nsfw_tag": "Stichwort",
    "gambling_animal_race": "Tierrennen",
    "gambling_animal_race_failed": "Das Rennen konnte nicht gestartet werden, da es nicht genügend Teilnehmer gibt.",
    "gambling_animal_race_full": "Rennen ist voll! Startet sofort.",
    "gambling_animal_race_join": "{0} tritt als {1} bei",
    "gambling_animal_race_join_bet": "{0} tritt als {1} bei und wettete {2}!",
    "gambling_animal_race_join_instr": "Schreibe {0}jr um dem Rennen beizutreten.",
    "gambling_animal_race_starting": "Starte in 20 Sekunden oder wenn der Raum voll ist.",
    "gambling_animal_race_starting_with_x": "Starte mit {0} Teilnehmern.",
    "gambling_animal_race_won": "{0} hat als {1} das Rennen gewonnen!",
    "gambling_animal_race_won_money": "{0} hat als {1} das Rennen und {2} gewonnen!",
    "gambling_dice_invalid_number": "Ungültige Anzahl angegeben. Sie können {0}-{1} Würfel gleichzeitig Rollen.",
    "gambling_dice_rolled": "würfelte {0}",
    "gambling_dice_rolled_num": "Würfel gerollt: {0}",
    "gambling_race_failed_starting": "Das Rennen konnte nicht gestartet werden. Ein anderes Rennen läuft wahrscheinlich.",
    "gambling_race_not_exist": "Es gibt kein Rennen auf diesem Server",
    "gambling_second_larger_than_first": "Die zweite Zahl muss größer als die erste sein.",
    "gambling_changes_of_heart": "Sinneswandel",
    "gambling_claimed_by": "Beansprucht von",
    "gambling_divorces": "Scheidungen",
    "gambling_likes": "Mag",
    "gambling_price": "Preis",
    "gambling_waifus_none": "Keine Waifus wurden bisher beansprucht.",
    "gambling_waifus_top_waifus": "Top Waifus",
    "gambling_waifu_affinity_already": "Ihre Neigung ist bereits zu dieser Waifu gesetzt oder Sie versuchsen Ihre Neigung zu entfernen während Sie keine gesetzt haben.",
    "gambling_waifu_affinity_changed": "hat seine Neigung von {0} zu {1} geändert.\n\n*Das ist moralisch nicht vertretbar.*🤔",
    "gambling_waifu_affinity_cooldown": "Sie müssen {0} Stunden und {1} Minuten warten bevor Sie Ihre Neigung ändern können.",
    "gambling_waifu_affinity_reset": "Ihre Neigung wurde zurückgesetzt. Sie haben keine Person mehr die Sie mögen.",
    "gambling_waifu_affinity_set": "will {0}s Waifu sein. Aww <3",
    "gambling_waifu_claimed": "hat {0} als seine/Ihre Waifu für {1} beansprucht!",
    "gambling_waifu_divorced_like": "Sie haben sich von Ihrer Waifu die Sie mochte scheiden lassen. Du herzloses Monster. {0} hat {1} als Kompensation erhalten.",
    "gambling_waifu_egomaniac": "Sie können deine Neigung nicht zu Ihnen selbst setzen, Sie egomanische Person.",
    "gambling_waifu_fulfilled": "🎉 Ihre Liebe ist besiegelt! 🎉\n{0}'s neuer Wert ist {1}!",
    "gambling_waifu_isnt_cheap": "Keine Waifu ist so billig. Sie müssen wenigstens {0} bezahlen um diese Waifu zu beanspruchen, selbst wenn Ihr tatsächlicher Wert geringer ist.",
    "gambling_waifu_not_enough": "Sie müssen {0} oder mehr bezahlen um diese Waifu zu beanspruchen!",
    "gambling_waifu_not_yours": "Diese Waifu gehört nicht Ihnen.",
    "gambling_waifu_not_yourself": "Sie können sich nicht selbst beanspruchen.",
    "gambling_waifu_recent_divorce": "Sie haben sich vor kurzem scheiden lassen. Sie müssen {0} Stunden und {1} Minuten warten bevor Sie sich erneut scheiden lassen können.",
    "gambling_nobody": "Niemand",
    "gambling_waifu_divorced_notlike": "Sie haben sich von einer Waifu scheiden lassen die Sie nicht mochte, Du erhältst {0} zurück.",
    "games_8ball": "8ball",
    "games_acrophobia": "Acrophobie",
    "games_acro_ended_no_sub": "Spiel wurde beendet ohne Einsendungen.",
    "games_acro_no_votes_cast": "Keine Stimmen abgegeben. Spiel endete ohne Gewinner.",
    "games_acro_nym_was": "Das Acronym war {0}.",
    "games_acro_running": "Akrophobia läuft bereits in diesem Kanal.",
    "games_acro_started": "Spiel gestartet. Erstelle einen Satz aus dem folgenden Akronym: {0}.",
    "games_acro_started_footer": "Sie haben {0} Sekunden für Ihre Einsendung.",
    "games_acro_submit": "{0} hat seinen Satz eingereicht. ({1} insgesamt)",
    "games_acro_vote": "Stimme ab indem du die Nummer der Einsendung eingibst",
    "games_acro_vote_cast": "{0} hat seine/Ihre Stimme abgegeben!",
    "games_acro_winner": "Der Gewinner ist {0} mit {1} Punkten.",
    "games_acro_winner_only": "{0} gewinnt, weil dieser Benutzer die einzigste Einsendung hat!",
    "games_question": "Gestellte Frage",
    "games_rps_draw": "Unentschieden! Beide haben {0} gewählt",
    "games_rps_win": "{0} hat gewonnen! {1} schlägt {2}",
    "games_submissions_closed": "Einsendungen geschlossen",
    "gambling_animal_race_already_started": "Tierrennen läuft bereits.",
    "gambling_total_average": "Insgesamt: {0} Durchschnitt: {1}",
    "games_category": "Kategorie",
    "games_cleverbot_disabled": "Cleverbot auf diesem Server deaktiviert.",
    "games_cleverbot_enabled": "Cleverbot auf diesem Server aktiviert.",
    "games_curgen_disabled": "Währungsgeneration in diesem Kanal deaktiviert.",
    "games_curgen_enabled": "Währungsgeneration in diesem Kanal aktiviert.",
    "games_curgen_pl": "{0} zufällige {1} sind erschienen! ",
    "games_curgen_sn": "Eine zufällige {0} ist erschienen!",
    "games_failed_loading_question": "Laden einer Frage fehlgeschlagen.",
    "games_game_started": "Spiel gestartet",
    "games_hangman_game_started": "Hangman-Spiel gestartet",
    "games_hangman_running": "Hangman-Spiel läuft bereits in diesem Kanal.",
    "games_hangman_start_errored": "Starten von Hangman hat einen Fehler ausgelöst.",
    "games_hangman_types": "Liste der \"{0}hangman\" Worttypen:",
    "games_leaderboard": "Bestenliste",
    "games_not_enough": "Sie haben nicht genug {0}",
    "games_no_results": "Keine Ergebnisse",
    "games_picked": "hat {0} aufgehoben",
    "games_planted": "{0} pflanzte {1}! ",
    "games_trivia_already_running": "Ein Trivia Spiel läuft schon auf diesem Server",
    "games_trivia_game": "Trivia Spiel",
    "games_trivia_guess": "{0} erriet es! Die Antwort war: {1}",
    "games_trivia_none": "Kein aktives Trivia Spiel auf diesem Server.",
    "games_trivia_points": "{0} hat {1} punkte",
    "games_trivia_stopping": "Wird beendet nach dieser Frage.",
    "games_trivia_times_up": "Die Zeit ist um! Die richtige Antwort war {0}",
    "games_trivia_win": "{0} erriet es und hat das Spiel GEWONNEN! Die Antwort war: {1}",
    "games_ttt_against_yourself": "Sie können nicht gegen sich selber spielen.",
    "games_ttt_already_running": "Ein TicTacToe Spiel läuft schon in diesem Kanal.",
    "games_ttt_a_draw": "Unentschieden!",
    "games_ttt_created": "hat ein TicTacToe Spiel erstellt.",
    "games_ttt_has_won": "{0} hat gewonnen!",
    "games_ttt_matched_three": "Drei in einer Reihe",
    "games_ttt_no_moves": "Keine Züge übrig",
    "games_ttt_time_expired": "Zeit abgelaufen",
    "games_ttt_users_move": "{0}'s Zug",
    "games_vs": "{0} gegen {1}",
    "music_attempting_to_queue": "Versuche {0} Lieder einzureihen...",
    "music_autoplay_disabled": "Autoplay deaktiviert.",
    "music_autoplay_enabled": "Autoplay aktiviert.",
    "music_defvol_set": "Standard-Lautstärke auf {0}% gesetzt",
    "music_dir_queue_complete": "Ordner-Einreihung fertig.",
    "music_fairplay": "fairer Modus",
    "music_finished_song": "Lied beendet",
    "music_fp_disabled": "Fairer Modus deaktiviert.",
    "music_fp_enabled": "Fairer Modus aktiviert.",
    "music_from_position": "Von Position",
    "music_id": "ID",
    "music_invalid_input": "Ungültige Eingabe.",
    "music_max_playtime_none": "Maximale Länge eines Liedes hat kein Limit mehr.",
    "music_max_playtime_set": "Maximale länge eines Liedes ist nun {0} Sekunden.",
    "music_max_queue_unlimited": "Maximale Musik-Warteschlangengröße ist nun unbegrenzt.",
    "music_max_queue_x": "Maximale Musik-Warteschlangengröße ist nun {0} Lieder.",
    "music_must_be_in_voice": "Sie müssen sich in einem Sprachkanal auf diesem Server befinden.",
    "music_name": "Name",
    "music_now_playing": "Aktuelles Lied:",
    "music_no_player": "Kein aktiver Musikspieler.",
    "music_no_search_results": "Keine Suchergebnisse.",
    "music_paused": "Musikwiedergabe pausiert.",
    "music_player_queue": "Musik-Warteschlange - Seite {0}/{1}",
    "music_playing_song": "Spiele Lied",
    "music_playlists": "`#{0}` - **{1}** by *{2}* ({3} Lieder)",
    "music_playlists_page": "Seite {0} der gespeicherten Playlists",
    "music_playlist_deleted": "Playlist gelöscht.",
    "music_playlist_delete_fail": "Playlist konnte nicht gelöscht werden. Entweder es existiert nicht oder es gehört nicht Ihnen.",
    "music_playlist_id_not_found": "Es gibt keine Playlist mit dieser ID.",
    "music_playlist_queue_complete": "Playlist wurde an die Warteschlange angehängt.",
    "music_playlist_saved": "Playlist gespeichert",
    "music_play_limit": "{0}'s Limit",
    "music_queue": "Warteschlange",
    "music_queued_song": "Eingereihtes Lied",
    "music_queue_cleared": "Musik-Warteschlange geleert.",
    "music_queue_full": "Warteschlange ist voll mit {0}/{0}.",
    "music_removed_song": "Lied entfernt",
    "music_repeating_cur_song": "Aktuelles Lied wird wiederholt",
    "music_repeating_playlist": "Playlist wird wiederholt",
    "music_repeating_track": "Lied wird wiederholt",
    "music_repeating_track_stopped": "Aktuelles Lied wird nicht mehr wiederholt.",
    "music_resumed": "Musikwiedergabe wiederaufgenommen.",
    "music_rpl_disabled": "Playlist-Wiederholung deaktiviert.",
    "music_rpl_enabled": "Playlist-Wiederholung aktiviert.",
    "music_set_music_channel": "Ich werde nun spielende, beendete, pausierte und entfernte Lieder in diesem Channel ausgeben.",
    "music_skipped_to": "Gesprungen zu `{0}:{1}`",
    "music_song_moved": "Lied bewegt",
    "music_time_format": "{0}h {1}m {2}s",
    "music_to_position": "Zu Position",
    "music_unlimited": "unbegrenzt",
    "music_volume_input_invalid": "Lautstärke muss zwischen 0 und 100 sein",
    "music_volume_set": "Lautstärke auf {0}% gesetzt",
    "permissions_acm_disable": "Benutzung ALLER MODULE für Kanal {0} verboten.",
    "permissions_acm_enable": "Benutzung ALLER MODULE für Kanal {0} erlaubt.",
    "permissions_allowed": "Erlaubt",
    "permissions_arm_disable": "Benutzung ALLER MODULE für die Rolle {0} verboten.",
    "permissions_arm_enable": "Benutzung ALLER MODULE für die Rolle {0} erlaubt.",
    "permissions_asm_disable": "Benutzung ALLER MODULE für diesen Server verboten.",
    "permissions_asm_enable": "Benutzung ALLER MODULE für diesen Server erlaubt.",
    "permissions_aum_disable": "Benutzung ALLER MODULE für den Benutzer {0} verboten.",
    "permissions_aum_enable": "Benutzung ALLER MODULE für den Benutzer {0} erlaubt.",
    "permissions_blacklisted": "{0} mit ID {1} wurde zur Sperrliste hinzugefügt",
    "permissions_cmdcd_add": "Befehl {0} hat nun {1}s Abklingzeit.",
    "permissions_cmdcd_cleared": "Befehl {0} hat keine Abklingzeit mehr und alle laufenden Abklingzeiten wurden entfernt.",
    "permissions_cmdcd_none": "Keine Befehls Abklingzeiten gesetzt.",
    "permissions_command_costs": "Preis für Befehle",
    "permissions_cx_disable": "Benutzung von {0} {1} wurde für Kanal {2} verboten.",
    "permissions_cx_enable": "Benutzung von {0} {1} wurde für Kanal {2} erlaubt.",
    "permissions_denied": "Verweigert",
    "permissions_filter_word_add": "Wort {0} zu der Liste der gefilterten Wörter hinzugefügt.",
    "permissions_filter_word_list": "Liste der gefilterten Wörter",
    "permissions_filter_word_remove": "Wort {0} von der Liste der gefilterten Wörter entfernt.",
    "permissions_invalid_second_param_between": "Ungültiger zweiter Parameter. (Muss eine Nummer zwischen {0} und {1} sein)",
    "permissions_invite_filter_channel_off": "Filterung von Einladungen auf diesem Kanal deaktiviert.",
    "permissions_invite_filter_channel_on": "Filterung von Einladungen auf diesem Kanal aktiviert.",
    "permissions_invite_filter_server_off": "Filterung von Einladungen auf diesem Server deaktiviert.",
    "permissions_invite_filter_server_on": "Filterung von Einladungen auf diesem Server aktiviert.",
    "permissions_moved_permission": "Berechtigung {0} von #{1} zu #{2} gesetzt",
    "permissions_not_found": "Konnte Berechting an Index #{0} nicht finden",
    "permissions_no_costs": "Kein Preis gesetzt.",
    "permissions_of_command": "Befehl",
    "permissions_of_module": "Modul",
    "permissions_page": "Berechtigungen Seite {0}",
    "permissions_permrole": "Aktuelle Berechtigungsrolle ist {0}.",
    "permissions_permrole_changed": "Benutzer brauchen nun Rolle {0} um die Berechtigungen zu editieren.",
    "permissions_perm_out_of_range": "Keine Berechtigung für diesen Index gefunden.",
    "permissions_removed": "Berechtigung #{0} - {1} entfernt",
    "permissions_rx_disable": "Benutzung von {0} {1} wurde für Rolle {2} verboten.",
    "permissions_rx_enable": "Benutzung von {0} {1} wurde für Rolle {2} erlaubt.",
    "permissions_sec": "sek.",
    "permissions_sx_disable": "Benutzung von {0} {1} wurde für diesen Server verboten.",
    "permissions_sx_enable": "Benutzung von {0} {1} wurde für diesen Server erlaubt.",
    "permissions_unblacklisted": "{0} mit ID {1} von Sperrliste entfernt",
    "permissions_uneditable": "Nicht editierbar",
    "permissions_ux_disable": "Benutzung von {0} {1} wurde für Benutzer {2} verboten.",
    "permissions_ux_enable": "Benutzung von {0} {1} wurde für Benutzer {2} erlaubt.",
    "permissions_verbose_false": "Ich werde keine Warnungen für Rechte mehr anzeigen.",
    "permissions_verbose_true": "Ich werde jetzt Warnungen für Rechte anzeigen.",
    "permissions_word_filter_channel_off": "Filterung für Wörter in diesem Kanal deaktiviert.",
    "permissions_word_filter_channel_on": "Filterung für Wörter in diesem Kanal aktiviert.",
    "permissions_word_filter_server_off": "Filterung für Wörter auf diesem Server deaktiviert.",
    "permissions_word_filter_server_on": "Filterung für Wörter auf diesem Server aktiviert.",
    "searches_abilities": "Fähigkeiten",
    "searches_anime_no_fav": "Keine favorisierten anime",
    "searches_atl_ad_started": "Startete die Automatische Übersetzung der Nachrichten auf diesem Kanal. Nachrichten von Benutzern werden automatisch gelöscht.",
    "searches_atl_removed": "Ihre Automatische-Übersetzungs Sprache wurde entfernt.",
    "searches_atl_set": "Ihre Automatische-Übersetzungs Sprache wurde zu {0}>{1} gesetzt",
    "searches_atl_started": "Automatische Übersetzung der Nachrichten wurde auf diesem kanal gestartet.",
    "searches_atl_stopped": "Automatische Übersetzung der Nachrichten wurde auf diesem kanal gestoppt.",
    "searches_bad_input_format": "Schlechtes Eingabeformat oder etwas lief schief.",
    "searches_card_not_found": "Konnte diese Karte nicht finden.",
    "searches_catfact": "fakt",
    "searches_chapters": "Kapitel",
    "searches_comic_number": "Comic #",
    "searches_compet_loses": "Verlorene Competitives",
    "searches_compet_played": "Gespielte Competitives",
    "searches_compet_rank": "Competitive Rang",
    "searches_compet_wins": "Gewonnene Competitives",
    "searches_completed": "Beendet",
    "searches_condition": "Kondition",
    "searches_cost": "Kosten",
    "searches_date": "Datum",
    "searches_define": "Definiere:",
    "searches_dropped": "Abgebrochen",
    "searches_episodes": "Episoden",
    "searches_error_occured": "Ein fehler ist aufgetreten.",
    "searches_example": "Beispiel",
    "searches_failed_finding_anime": "Konnte diesen animu nicht finden.",
    "searches_failed_finding_manga": "Konnte diesen mango nicht finden.",
    "searches_genres": "Genres",
    "searches_hashtag_error": "Konnte keine definition für dieses Stichwort finden.",
    "searches_height_weight": "Höhe/Gewicht",
    "searches_height_weight_val": "{0}m/{1}kg",
    "searches_humidity": "Feuchtigkeit",
    "searches_image_search_for": "Bildersuche für:",
    "searches_imdb_fail": "Konnte diesen Film nicht finden.",
    "searches_invalid_lang": "Ungültige Quell- oder Zielsprache.",
    "searches_jokes_not_loaded": "Witze nicht geladen.",
    "searches_latlong": "Lat/long",
    "searches_level": "Level",
    "searches_list_of_place_tags": "Liste der \"{0}place\" Stichwörtern",
    "searches_location": "Standort",
    "searches_magicitems_not_loaded": "Magic Items nicht geladen.",
    "searches_mal_profile": "{0}s MAL Profil",
    "searches_mashape_api_missing": "Der Besitzer des Bots hat keinen MashapeApi-Schlüssel angegeben. Sie können diese Funktion nicht benutzen.",
    "searches_min_max": "Min/Max",
    "searches_no_channel_found": "Keine Kanäle gefunden.",
    "searches_no_results": "Keine Ergebnisse gefunden.",
    "searches_on_hold": "Pausierte",
    "searches_original_url": "Ursprüngliche Url",
    "searches_osu_api_key": "Ein osu! API-Schlüssel wird benötigt.",
    "searches_osu_failed": "osu! Signatur konnte nicht geholt werden.",
    "searches_over_x": "Über {0} Bilder gefunden. Zeige zufälliges {0}.",
    "searches_ow_user_not_found": "Benutzer nicht gefunden! Bitte überprüfe die Region und den BattleTag bevor erneuten Versuchen.",
    "searches_plan_to_watch": "Vermerkte",
    "searches_platform": "Plattform",
    "searches_pokemon_ability_none": "Keine Fähigkeit gefunden.",
    "searches_pokemon_none": "Kein Pokemon gefunden.",
    "searches_profile_link": "Profil Link:",
    "searches_quality": "Qualität",
    "searches_quick_playtime": "Quick Spielzeit",
    "searches_quick_wins": "Gewonnene Quicks",
    "searches_rating": "Bewertung",
    "searches_score": "Punktzahl:",
    "searches_search_for": "Suche nach:",
    "searches_shorten_fail": "Url konnte nicht gekürzt werden",
    "searches_short_url": "Kurze Url",
    "searches_something_went_wrong": "Etwas lief schief.",
    "searches_specify_search_params": "Bitte spezifizieren Sie die Such Parameter.",
    "searches_status": "Status",
    "searches_store_url": "Geschäfts Url",
    "searches_streamer_offline": "Streamer {0} ist jetzt offline.",
    "searches_streamer_online": "Streamer {0} ist online mit {1} Zuschauern.",
    "searches_streams_following": "Sie folgen {0} Streamern auf diesem Server.",
    "searches_streams_none": "Sie folgen keinem Streamer auf diesem Server.",
    "searches_stream_no": "Diesen Stream gibt es nicht.",
    "searches_stream_not_exist": "Stream existiert wahrscheinlich nicht.",
    "searches_stream_removed": "{0}s Stream ({1}) von den Benachrichtigungen entfernt.",
    "searches_stream_tracked": "Ich werde diesen Kanal benachrichtigen wenn der Status sich verändert.",
    "searches_sunrise": "Sonnenaufgang",
    "searches_sunset": "Sonnenuntergang",
    "searches_temperature": "Temperatur",
    "searches_title": "Titel:",
    "searches_top_3_fav_anime": "Top 3 Lieblingsanime:",
    "searches_translation": "Übersetzung:",
    "searches_types": "Typen",
    "searches_ud_error": "Die definition für den Begriff konnte nicht gefunden werden.",
    "searches_url": "Url",
    "searches_viewers": "Zuschauer",
    "searches_watching": "Am schauen",
    "searches_wikia_error": "Der Begriff konnte auf dem spezifizierten wikia nicht gefunden werden.",
    "searches_wikia_input_error": "Bitte geben Sie ein Ziel wikia ein, gefolgt bei der Suchanfrage.",
    "searches_wiki_page_not_found": "Seite konnte nicht gefunden werden.",
    "searches_wind_speed": "Wind Geschwindigkeit",
    "searches_x_most_banned_champs": "Die {0} meist gebannten Champions",
    "searches_yodify_error": "Ihre Nachricht konnte nicht yodifiziert werden.",
    "utiliity_joined": "Beigetreten",
    "utility_activity_line": "`{0}.` {1} [{2:F2}/s] - {3} total",
    "utility_activity_page": "Aktivitäten Liste #{0}",
    "utility_activity_users_total": "{0} totale Benutzer.",
    "utility_author": "Autor",
    "utility_botid": "ID des Bots",
    "utility_calcops": "Liste der Funktionen im {0}calc Befehl",
    "utility_channelid": "{0} dieses Kanals ist {1}",
    "utility_channel_topic": "Thema des Kanals",
    "utility_commands_ran": "Befehle ausgeführt",
    "utility_convert": "{0} {1} ist gleich zu {2} {3}",
    "utility_convertlist": "Einhetein die von dem Konvertierer benutzt werden können",
    "utility_convert_not_found": "Kann {0} nicht zu {1} konvertieren: Einheiten nicht gefunden",
    "utility_convert_type_error": "Kann {0} nicht zu {1} konvertieren: Einheiten sind nicht gleich",
    "utility_created_at": "Erstellt am",
    "utility_custom_emojis": "Benutzerdefinierte Emojis",
    "utility_error": "Fehler",
    "utility_features": "Funktionalitäten",
    "utility_id": "ID",
    "utility_index_out_of_range": "Index außer Reichweite.",
    "utility_inrole_list": "Hier ist eine Liste mit Nutzern in Rolle {0} :",
    "utility_inrole_not_allowed": "Sie haben keine Berechtigung diesen Befehl auf Rollen mit vielen Nutzern zu benutzen um Missbrauch zu verhindern.",
    "utility_invalid_value": "Ungültiger {0} Wert.",
    "utility_joined_discord": "Discord beigetreten",
    "utility_joined_server": "Server beigetreten",
    "utility_listservers": "ID: {0}\nMitglieder: {1}\nID des Besitzers: {2}",
    "utility_listservers_none": "Keine Server auf dieser Seite gefunden.",
    "utility_list_of_repeaters": "Liste der Wiederholer",
    "utility_members": "Mitglieder",
    "utility_memory": "Speicher",
    "utility_messages": "Nachrichten",
    "utility_message_repeater": "Nachrichten Wiederholer",
    "utility_name": "Name",
    "utility_nickname": "Nickname",
    "utility_nobody_playing_game": "Niemand spielt dieses Spiel.",
    "utility_no_active_repeaters": "Keine aktiven Wiederholer.",
    "utility_no_roles_on_page": "Keine Rollen auf dieser Seite.",
    "utility_no_shards_on_page": "Keine Shards auf dieser Seite.",
    "utility_no_topic_set": "Kein Thema gesetzt.",
    "utility_owner": "Besitzer",
    "utility_owner_ids": "IDs der Besitzer",
    "utility_presence": "Anwesenheit",
    "utility_presence_txt": "{0} Server\n{1} Text Kanäle\n{2} Sprach Kanäle",
    "utility_quotes_deleted": "Alle Zitate mit dem Stichwort {0} wurden gelöscht.",
    "utility_quotes_page": "Seite {0} der Zitate",
    "utility_quotes_page_none": "Keine Zitate auf dieser Seite.",
    "utility_quotes_remove_none": "Kein Zitat das Sie entfernen können gefunden.",
    "utility_quote_added": "Zitat hinzugefügt",
    "utility_quote_deleted": "Zitat #{0} wurde gelöscht.",
    "utility_region": "Region",
    "utility_registered_on": "Registriert an",
    "utility_remind": "Ich werde {0} erinnern {1} in {2} `({3:d.M.yyyy.} um {4:HH:mm})` zu tun.",
    "utility_remind_invalid_format": "Kein gültiges Zeitformat. Überprüfe die Befehlsliste.",
    "utility_remind_template": "Neue Erinnerungs Vorlage wurde gesetzt.",
    "utility_repeater": "{0} wird jede {1} Tag(e), {2}stunde(n) und {3} minute(n) wiederholt.",
    "utility_repeaters_list": "Liste der Wiederholungen",
    "utility_repeaters_none": "Auf diesem Server laufen keine Wiederholer.",
    "utility_repeater_stopped": "#{0} wurde gestoppt.",
    "utility_repeat_invoke_none": "Auf diesem Server wurden keine wiederholende Nachrichten gefunden.",
    "utility_result": "Resultat",
    "utility_roles": "Rollen",
    "utility_roles_all_page": "Seite #{0} aller Rollen für diesen Server:",
    "utility_roles_page": "Seite #{0} der Rollen für {1}",
    "utility_rrc_no_colors": "Keine Farben sind in dem Richtigen Format. Benutze zum Beispiel `#00ff00`.",
    "utility_rrc_start": "Startete die Farbrotation für Rolle {0}.",
    "utility_rrc_stop": "Stoppte die Farbrotation für Rolle {0}",
    "utility_serverid": "{0} dieses Servers ist {1}",
    "utility_server_info": "Server Info",
    "utility_shard": "Shard",
    "utility_shard_stats": "Shard Statistiken",
    "utility_shard_stats_txt": "Shard **#{0}** ist im {1} Status mit {2} Servern - vor {3}",
    "utility_showemojis": "**Name:** {0} **Link:** {1}",
    "utility_showemojis_none": "Keine speziellen emoji gefunden.",
    "utility_stats_songs": "Wiedergabe von {0} Liedern, {1} in der Musikliste.",
    "utility_text_channels": "Text Kanäle",
    "utility_togtub_room_link": "Hier ist Ihr Raum link",
    "utility_uptime": "Betriebszeit",
    "utility_userid": "{0} von Benutzer {1} ist {2}",
    "utility_users": "Benutzer",
    "utility_voice_channels": "Sprach-Kanäle",
    "gambling_animal_race_already_in": "Sie sind diesem Rennen schon beigetreten!",
    "games_current_poll_results": "Aktuelle Umfragewerte",
    "games_no_votes_cast": "Keine Abstimmungen eingereicht.",
    "games_poll_already_running": "Eine Umfrage läuft bereits auf diesem Server.",
    "games_poll_created": "📃 {0} hat eine Umfrage erstellt die Ihre Aufmerksamkeit benötigt:",
    "games_poll_result": "`{0}.` {1} mit {2} Abstimmungen.",
    "games_poll_voted": "{0} stimmte ab.",
    "games_poll_vote_private": "Senden Sie mir eine Private Nachrciht mit der entsprechenden Nummer der Antwort.",
    "games_poll_vote_public": "Senden Sie hier eine Nachricht mit der entsprechenden Nummer der Antwort.",
    "games_thanks_for_voting": "Danke für das Abstimmen. {0}",
    "games_x_votes_cast": "{0} totale Abstimmungen eingereicht.",
    "games_pick_pl": "Sammel sie durch das Schreiben von `{0}pick`",
    "games_pick_sn": "Sammel sie durch das Schreiben von `{0}pick`",
    "gambling_no_users_found": "Kein Benutzer gefunden.",
    "gambling_page": "Seite {0}",
    "administration_must_be_in_voice": "Sie müssen in einem Sprachkanal auf diesem Server sein.",
    "administration_no_vcroles": "Keine Sprachkanal Rollen gefunden.",
    "administration_user_muted_time": "{0} wurde **stummgeschaltet** im Text- und Sprachchat für {1} Minuten.",
    "administration_vcrole_added": "Benutzer die dem Sprachkanal {0} beitreten werden der Rolle {1} zugeweist.",
    "administration_vcrole_removed": "Benutzer die den Sprachkanal {0} beitreten werden nicht länger einer Rolle zugeweist.",
    "administration_vc_role_list": "Rollen für Sprachkanäle",
    "customreactions_crad_disabled": "Auslösende Nachricht der benutzerdefinierten Reaktion mit der ID {0} wird nicht automatisch gelöscht.",
    "customreactions_crad_enabled": "Auslösende Nachricht der benutzerdefinierten Reaktion mit der ID {0} wird automatisch gelöscht.",
    "customreactions_crdm_disabled": "Reaktionsnachricht für die benutzerdefinierte Reaktion mit der ID {0} wird nicht als DN gesendet.",
    "customreactions_crdm_enabled": "Reaktionsnachricht für die benutzerdefinierte Reaktion mit der ID {0} wird als DN gesendet.",
    "utility_aliases_none": "Keinen Alias gefunden",
    "utility_alias_added": "{0} ist nun ein Alias für {1}",
    "utility_alias_list": "Liste der Aliasse",
    "utility_alias_removed": "Der Auslöser {0} hat keinen Alias mehr",
    "utility_alias_remove_fail": "Der Auslöser {0} hatte keinen Alias",
    "searches_compet_playtime": "Kompetetive Spielzeit",
    "administration_channel": "Kanal",
    "administration_command_text": "Befehls Text",
    "administration_kicked_pl": "Kicked",
    "administration_moderator": "Moderator",
    "administration_page": "Seite {0}",
    "administration_reason": "Grund",
    "administration_scadd": "Neuer Startbefehl hinzugefügt.",
    "administration_scrm": "Startbefehl wurde erfolgreich entfernt.",
    "administration_scrm_fail": "Startbefehl konnte nicht gefunden werden",
    "administration_server": "Server",
    "administration_startcmdlist_none": "Keine Startbefehle auf dieser Seite",
    "administration_startcmds_cleared": "Alle Startbefehle wurden entfernt.",
    "administration_unbanned_user": "Benutzer {0} wurde entbannt.",
    "administration_user_not_found": "Benutzer nicht gefunden.",
    "administration_user_warned": "Benutzer {0} wurde gewarnt.",
    "administration_user_warned_and_punished": "Benutzer {0} wurde gewarnt und Strafe {1} wurde ausgeführt.",
    "administration_warned_on": "Gewarnt auf dem Server {0}",
    "administration_warned_on_by": "Am {0} um {1} von {2}",
    "administration_warnings_cleared": "Alle Warnungen wurden bereinigt für {0}.",
    "administration_warnings_none": "Keine Warnungen auf dieser Seite.",
    "administration_warnlog_for": "Warnlog für {0}",
    "administration_warnpl_none": "Keine Bestrafungen gesetzt.",
    "administration_warn_cleared_by": "Gelöscht von {0}",
    "administration_warn_punish_list": "Warnungs Straf Liste",
    "administration_warn_punish_rem": "{0} Warnungen werden nicht mehr eine Bestrafung auslösen.",
    "administration_warn_punish_set": "Ich werde die Bestrafung {0} an Benutzern mit {1} Warnungen ausführen.",
    "administration_slowmodewl_role_start": "Slow mode wird jetzt die Rolle {0} ignorieren.",
    "administration_slowmodewl_role_stop": "Slow mode wird nicht mehr die Rolle {0} ignorieren.",
    "administration_slowmodewl_user_start": "Slow mod witrd jetzt den Benutzer {0} ignorieren.",
    "administration_slowmodewl_user_stop": "Slow mod witrd nicht mehr Benutzer {0} ignorieren.",
    "utility_clpa_fail": "Belohnungen konnten nicht beansprucht werden wegen einer dieser Gründe:",
    "utility_clpa_fail_already": "Eventuell haben Sie ihre Belohnung für diesen Monat schon bekommen. Sie können Belohnungen nur einmal pro Monat beanspruchen, außer sie erhören ihre Unterstützung.",
    "utility_clpa_fail_already_title": "Belohnung schon beansprucht",
    "utility_clpa_fail_conn": "Ihr Discord Account ist eventuell nicht mit Patreon verbunden. Wenn Sie unsicher sind was dies bedeutet, oder nicht wissen wie man es verbinded - Sie müssen zu der [Patreon Account Einstellungs Seite](https://patreon.com/settings/account) gehen und den 'Zu Discord verbinden' Knopf betätigen.",
    "utility_clpa_fail_conn_title": "Discord Account nicht verbunden",
    "utility_clpa_fail_sup": "Um berechtigt für die Belohnung zu sein, müssen Sie das Projekt auf Patreon unterstützen. Sie können den Befehl {0} benutzen um den Link zu kriegen.",
    "utility_clpa_fail_sup_title": "Keine Unterstützung",
    "utility_clpa_fail_wait": "Sie müssen ein paar Stunden warten nachdem sie ihre Unterstützung zusagenl, falls Sie das nicht getan haben, versuchen Sie es später erneut.",
    "utility_clpa_fail_wait_title": "Bitte warten Sie eine weile",
    "utility_clpa_success": "Sie haben {0} erhalten. Danke für das unterstützen des Projektes!",
    "utility_clpa_too_early": "Belohnungen können am or nach dem fünften tag jedes Monats beansprucht werden.",
    "searches_time": "Die Zeit in {0} ist {1} - {2}",
    "administration_rh": "Die Anzeige der Gildenrolle {0} wurde auf {1} gesetzt.",
    "gambling_name": "Name",
    "gambling_shop": "Shop",
    "gambling_shop_item_add": "Gegenstand zum Shop hinzugefügt",
    "gambling_shop_none": "Keine Gegenstände gefunden auf dieser Seite.",
    "gambling_shop_role": "Du wirst die Rolle {0} erhalten.",
    "gambling_type": "Art",
    "utility_clpa_next_update": "Nächste Aktualisierung in {0}",
    "administration_gvc_disabled": "Die Spiel-Sprachkanal-Funktion ist nicht eingeschaltet auf diesem Server.",
    "administration_gvc_enabled": "{0} ist nun ein Spiel-Sprachkanal",
    "administration_not_in_voice": "Du bist in keinem Sprachkanal auf diesem Server.",
    "gambling_item": "Gegenstand",
    "gambling_out_of_stock": "Ausverkauft.",
    "gambling_random_unique_item": "Zufälliger, einzigartiger Gegenstand.",
    "gambling_shop_buy_error": "Fehler beim DNen des Gegenstandes. Dir wurde alles zurückerstattet.",
    "gambling_shop_item_not_found": "Keinen Gegenstand mit diesem Index gefunden.",
    "gambling_shop_item_purchase": "Gegenstand erfolgreich erworben.",
    "gambling_shop_item_rm": "Gegenstand aus dem Shop entfernt",
    "gambling_shop_item_wrong_type": "Diesem Shop-Eintrag können keine Gegenstände hinzugefügt werden.",
    "gambling_shop_list_item_added": "Gegenstand erfolgreich hinzugefügt.",
    "gambling_shop_list_item_not_unique": "Dieser Gegenstand wurde bereits hinzugefügt.",
    "gambling_shop_purchase": "Kauf auf dem Server \"{0}\"",
    "gambling_shop_role_not_found": "Die zum Kauf angebotene Rolle existiert nicht mehr.",
    "gambling_shop_role_purchase": "Du hast erfolgreich die Rolle \"{0}\" erworben.",
    "gambling_shop_role_purchase_error": "Die Rolle konnte dir nicht zugewiesen werden. Dir wurde alles zurückerstattet.",
    "gambling_unique_items_left": "{0} einzigartige Gegenstände übrig.",
    "permissions_blocked_commands": "Gesperrte Befehle",
    "permissions_blocked_modules": "Gesperrte Module",
    "permissions_gcmd_add": "Der Befehl {0} wurde auf allen Servern ausgeschaltet.",
    "permissions_gcmd_remove": "Der Befehl {0} wurde auf allen Servern eingeschaltet.",
    "permissions_gmod_add": "Das Modul {0} wurde auf allen Servern ausgeschaltet.",
    "permissions_gmod_remove": "Das Modul {0} wurde auf allen Servern eingeschaltet.",
    "permissions_lgp_none": "Keine blockierten Befehle oder Module.",
    "gambling_animal_race_no_race": "Dieses Tierrennen ist voll!",
    "utility_cant_read_or_send": "Sie können keine Nachrichten von dem Kanal auslesen oder zu dem Kanal schreiben.",
    "utility_quotes_notfound": "Keine Zitat mit der übergebenen ID gefunden.",
    "administration_prefix_current": "Das Präfix des Servers ist {0}",
    "administration_prefix_new": "Das Präfix auf diesem Server wurde von {0} zu {1} geändert",
    "administration_defprefix_current": "Standard bot Präfix ist {0}",
    "administration_defprefix_new": "Standard bot Präfix wurde von {0} zu {1} geändert",
    "administration_bot_nick": "Bots Nickname wurde zu {0} geändert",
    "administration_user_nick": "Nickname des Benutzer {0} wurde zu {1} geändert",
    "administration_timezone_guild": "Die Zeitzone für die Gilde ist `{0}`",
    "administration_timezone_not_found": "Zeitzone nicht gefunden. Benutze \"timezones\" Befehl um eine liste der Verfügbaren Zeitzonen zu sehen.",
    "administration_timezones_available": "Verfügbare Zeitzonen",
    "music_song_not_found": "Kein Lied gefunden",
    "searches_define_unknown": "Konnte keine Definition für diesen Term finden.",
    "utility_repeater_initial": "Ursprüngliche Nachricht wird nochmal gesendet in {0}Stunden und {1}Minuten.",
    "utility_verbose_errors_enabled": "Falsch genutzte Befehle werden jetzt Fehlermeldungen zeigen.",
    "utility_verbose_errors_disabled": "Falsch genutzte Befehle werden keine Fehlermeldungen mehr zeigen.",
    "permissions_perms_reset": "Rechte für diesen Server wurden zurückgesetzt.",
    "permissions_trigger": "Berechtigung Nummer #{0} {1} verhindert diese Aktion.",
    "administration_migration_error": "Fehler während der Übernahme, überprüfe die Bot Console für mehr Informationen.",
    "searches_hex_invalid": "Ungültige Farbe angegeben",
    "permissions_global_perms_reset": "Globale Rechte wurden zurückgesetzt.",
    "help_module": "Modul: {0}",
    "games_hangman_stopped": "Galgenmännchenspiel wurde gestoppt.",
    "music_autoplaying": "Auto-Musik wird gespielt.",
    "music_queue_stopped": "Wiedergabe gestoppt. Benutze {0} Befehl um die Wiedergabe fortzusetzen.",
    "music_removed_song_error": "Lied an diesem Index existiert nicht",
    "music_shuffling_playlist": "Mische Lieder",
    "music_songs_shuffle_enable": "Lieder werden jetzt zufällig wiedergegeben.",
    "music_songs_shuffle_disable": "Lieder werden nicht mehr gemischt.",
    "music_song_skips_after": "Lieder werden übersprungen nach {0}",
    "administration_warnings_list": "Liste aller gewarnten Benutzer auf diesem Server",
    "customreactions_redacted_too_long": "Bearbeitet da es zu lang ist.",
    "nsfw_blacklisted_tag_list": "Liste von Stichwörtern auf der Sperrliste:",
    "nsfw_blacklisted_tag": "Ein oder mehrere Stichwörter die du benutzt hast sind auf der Sperrliste",
    "nsfw_blacklisted_tag_add": "Nsfw Stichwort {0} ist jetzt auf der Sperrliste.",
    "nsfw_blacklisted_tag_remove": "Nsfw Stichwort {0} ist nicht mehr auf der Sperrliste.",
    "gambling_waifu_gift": "Schenkte {0} an {1}",
    "gambling_waifu_gift_shop": "Waifu Geschenke Laden",
    "gambling_gifts": "Geschenke",
    "games_connect4_created": "Connect4 Spiel wurde erstellt. Warte auf Spieler.",
    "games_connect4_player_to_move": "Nächster Spieler an der Reihe: {0}",
    "games_connect4_failed_to_start": "Connect4 Spiel konnte nicht gestartet werden weil niemand beigetreten ist.",
    "games_connect4_draw": "Connect4 Spiel endete mit Gleichstand.",
    "games_connect4_won": "{0} hat das Connect4 Spiel gewonnen gegen {1}.",
    "games_nunchi_joined": "Nunchi Spiel beigetreten. {0} Benutzer sind bis jetzt eingetreten.",
    "games_nunchi_ended": "Nunchi Spiel beendet. {0} hat gewonnen",
    "games_nunchi_ended_no_winner": "Nunchi Spiel hat ohne Gewinner geendet.",
    "games_nunchi_started": "Nunchi Spiel startet mit {0} Teilnehmern.",
    "games_nunchi_round_ended": "Nunchi Runde ist beendet. {0} ist aus dem Spiel.",
    "games_nunchi_round_ended_boot": "Nunchi Runde endet aufgrund von Zeitüberschreitung einiger Nutzer. Diese Nutzer sind noch im Spiel: {0}",
    "games_nunchi_round_started": "Nunchi Runde startete mit {0} Nutzern. Beginnt ab Nummer {1} zu zählen.",
    "games_nunchi_next_number": "Nummer registriert. Die letzte Nummer war {0}.",
    "games_nunchi_failed_to_start": "Nunchi Spiel konnte nicht starten, da es nicht genügend Teilnehmer gibt.",
    "games_nunchi_created": "Nunchi Spiel erstellt. Warte auf das Beitreten von Nutzern.",
    "music_sad_enabled": "Lieder werden von der Musik-Warteschlange gelöscht sobald die Wiedergabe beendet wurde.",
    "music_sad_disabled": "Lieder werden nun nicht mehr von der Musik-Warteschlange gelöscht sobald die Wiedergabe beendet wurde.",
    "utility_stream_role_enabled": "Wenn ein Benutzer mit der {0} Rolle anfängt zu streamen, werde ich ihm die {1} Rolle geben.",
    "utility_stream_role_disabled": "Das Stream Rollen Funtion wurde deaktiviert.",
    "utility_stream_role_kw_set": "Streamer benötigen nun {0} Stichwort um die Rolle zu erhalten",
    "utility_stream_role_kw_reset": "Stream Rollen Stichwort wurde zurückgesetzt.",
    "utility_stream_role_bl_add": "Benutzer {0} wird nie die Stream Rolle erhalten.",
    "utility_stream_role_bl_add_fail": "Nutzer {0} ist bereits auf der Sperrliste.",
    "utility_stream_role_bl_rem": "Nutzer {0} ist nicht mehr auf der Sperrliste.",
    "utility_stream_role_bl_rem_fail": "Nutzer {0} ist nicht auf der Sperrliste.",
    "utility_stream_role_wl_add": "Benutzer {0} wird nun die Stream Rolle erhalten, auch wenn das Stichwort nicht im Stream Titel ist.",
    "utility_stream_role_wl_add_fail": "Nutzer {0} ist bereits auf der weißen Liste.",
    "utility_stream_role_wl_rem": "Nutzer {0} ist nicht mehr auf der weißen Liste.",
    "utility_stream_role_wl_rem_fail": "Nutzer {0} ist nicht auf der weißen Liste.",
    "utility_bot_config_edit_fail": "Fehlschlag der Änderung {0} zu dem Wert {1}",
    "utility_bot_config_edit_success": "Der Wert von {0} wurde auf {1} gestellt",
    "customreactions_crca_disabled": "Benutzerdefinierte Reaktion mit der ID {0} wird nicht mehr auslösen, außer der Auslöser ist am Anfang des Satzes.",
    "customreactions_crca_enabled": "Benutzerdefinierte Reaktion mit der ID {0} wird nun auslösen wenn der Auslöser ein Teil des Satzes ist.",
    "xp_server_level": "Server Level",
    "xp_level": "Level",
    "xp_club": "Club",
    "xp_xp": "Erfahrungspunkte",
    "xp_excluded": "{0} wurde vom XP System in diesem Server ausgeschlossen.",
    "xp_not_excluded": "{0} ist nun nicht mehr vom XP System in diesem Server ausgeschlossen.",
    "xp_exclusion_list": "Ausschluß Liste",
    "xp_server_is_excluded": "Dieser Server ist von xp ausgeschlossen",
    "xp_server_is_not_excluded": "Dieser Server ist nicht von xp ausgeschlossen",
    "xp_excluded_roles": "Ausgeschlossene Rollen",
    "xp_excluded_channels": "Ausgeschlossene Kanäle.",
    "xp_level_up_channel": "Glückwunsch {0}, du hast Level {1} erreicht!",
    "xp_level_up_dm": "Glückwunsch {0}, du hast Level {1} auf {2} Servern erreicht!",
    "xp_level_up_global": "Glückwunsch {0}, du hast das globale Level {1} erreicht!",
    "xp_role_reward_cleared": "Level {0} wird keine Rollen-Belohnung mehr erhalten.",
    "xp_role_reward_added": "benutzer die Level {0} werden die {1} Rolle erhalten.",
    "xp_role_rewards": "Rollen Belohnungen",
    "xp_level_x": "Level {0}",
    "xp_no_role_rewards": "Keine Rollen Belohnungen auf dieser Seite.",
    "xp_server_leaderboard": "Server XP Bestenliste",
    "xp_global_leaderboard": "Global XP Bestenliste",
    "xp_modified": "Die Server XP dieses Nutzers wurde von {0} auf {1} eingestellt",
    "xp_club_create_error": "Gründung des Clubs fehlgeschlagen. Stelle sicher, dass du mindestens Level 5 und nicht bereits Mitglied eines Clubs bist.",
    "xp_club_created": "Club {0} wurde erfolgreich erstellt!",
    "xp_club_not_exists": "Diesen Club gibt es nicht.",
    "xp_club_applied": "Du hast dich für eine Mitgliedschaft im {0} Club beworben.",
    "xp_club_apply_error": "Fehler beim Bewerben. Du bist entweder bereits ein Mitglied eines Clubs, oder du erfüllst nicht die Level-Anforderung, oder du wurdest vom Club gebannt.",
    "xp_club_accepted": "Nutzer {0} wurde in den Club aufgenommen.",
    "xp_club_accept_error": "Nutzer nicht gefunden",
    "xp_club_left": "Du hast den Club verlassen.",
    "xp_club_not_in_club": "Du bist nicht in einem Club oder du versuchst den Club zu verlassen den du besitzt.",
    "xp_club_user_kick": "Nutzer {0} von {1} Club gekickt.",
    "xp_club_user_kick_fail": "Fehler bei Kicken. Du bist entweder nicht Club-Besitzer oder dieser Nutzer ist nicht in deinem Club.",
    "xp_club_user_banned": "Nutzer {0} wurde von {1} Club gebannt.",
    "xp_club_user_ban_fail": "Bann fehlgeschlagen. Entweder bist du nicht Club-Besitzer, oder der Nutzer ist nicht im Club oder hat sich beworben.",
    "xp_club_user_unbanned": "Der Bann des Nutzers {0} im {1} Club wurde aufgehoben.",
    "xp_club_user_unban_fail": "Entbannung fehlgeschlagen. Du bist entweder nicht der Besitzer des Clubs, oder der Nutzer ist nicht in deinem Club oder hat sich nicht beworben.",
    "xp_club_level_req_changed": "Änderte Level Anforderung des Clubs auf {0}",
    "xp_club_level_req_change_error": "Änderung der Level Voraussetzung fehlgeschlagen.",
    "xp_club_disbanded": "Club {0} wurde aufgelöst",
    "xp_club_disband_error": "Fehler. Du bist entweder nicht in einem Club, oder du bist nicht der Besitzer des Clubs.",
    "xp_club_icon_error": "Keine gültige Bild url oder du bist nicht der Besitzer des Clubs.",
    "xp_club_icon_set": "Neues Club Bild eingestellt.",
    "xp_club_bans_for": "Banne des {0} Clubs",
    "xp_club_apps_for": "Bewerber für {0} Club",
    "xp_club_leaderboard": "Club Bestenliste - Seite {0}"
}