{
    "customreactions_all_stats_cleared": "Alle speciale reactiestatistieken zijn verwijderd.",
    "customreactions_deleted": "Speciale Reactie verwijderd.",
    "customreactions_insuff_perms": "Onvoldoende rechten. Bot Eigendom is nodig voor globale speciale reacties, en Administrator voor speciale server-reacties.",
    "customreactions_list_all": "Lijst van alle zelf gemaakte reacties",
    "customreactions_name": "Speciale Reacties",
    "customreactions_new_cust_react": "Nieuwe Speciale Reacties",
    "customreactions_no_found": "Geen aangepaste reacties gevonden.",
    "customreactions_no_found_id": "Geen speciale reacties gevonden met dat ID.",
    "customreactions_response": "Antwoord",
    "customreactions_stats": "Speciale Reactie Statistieken",
    "customreactions_stats_cleared": "Statistieken verwijderd voor {0} speciale reactie.",
    "customreactions_stats_not_found": "Geen statistieken voor die trekker gevonden, geen actie genomen.",
    "customreactions_trigger": "Trigger",
    "nsfw_autohentai_stopped": "Autohentai gestopt.",
    "nsfw_not_found": "Geen resultaten gevonden.",
    "pokemon_already_fainted": "{0} is al flauw gevallen.",
    "pokemon_already_full": "{0} heeft al vol HP.",
    "pokemon_already_that_type": "Jouw element is al {0}",
    "pokemon_attack": "heeft {0}{1} op {2}{3} gebruikt voor {4} schade.",
    "pokemon_cant_attack_again": "Je kan niet opnieuw aanvallen zonder vergelding!",
    "pokemon_cant_attack_yourself": "Je kunt je zelf niet aanvallen.",
    "pokemon_fainted": "{0} is verslagen!",
    "pokemon_healed": "heeft {0} genezen met een {1}",
    "pokemon_hp_remaining": "{0} heeft nog {1} HP over.",
    "pokemon_invalid_move": "Je kan {0} niet gebruiken. Typ `{1}ml` om een lijst te bekijken van de aanvallen die jij kunt gebruiken",
    "pokemon_moves": "Aanvallijst voor {0} element",
    "pokemon_not_effective": "Het is niet effectief.",
    "pokemon_no_currency": "Je hebt niet genoeg {0}",
    "pokemon_revive_other": "heeft {0} herstelt met een {1}",
    "pokemon_revive_yourself": "Je kunt jezelf herstellen met een {0}",
    "pokemon_settype_success": "Je element is veranderd van {0} naar {1}",
    "pokemon_somewhat_effective": "Het is een beetje effectief.",
    "pokemon_super_effective": "Het is super effectief!",
    "pokemon_too_many_moves": "Je hebt te veel acties achter elkaar gedaan, dus je kan niet bewegen!",
    "pokemon_type_of_user": "Element van {0} is {1}",
    "pokemon_user_not_found": "Gebruiker niet gevonden.",
    "pokemon_you_fainted": "Je bent flauwgevallen, dus je kunt niet bewegen!",
    "administration_aar_disabled": "**Auto aanwijzing van rollen** op gebruiker is nu **uitgeschakeld**.",
    "administration_aar_enabled": "**Auto aanwijzing van rollen** op gebruiker is nu **ingeschakeld**.",
    "administration_attachments": "Bijlagen",
    "administration_avatar_changed": "Avatar veranderd",
    "administration_bandm": "Je bent verbannen van {0} server. Reden: {1}",
    "administration_banned_pl": "verbannen",
    "administration_banned_user": "Gebruiker verbannen",
    "administration_bot_name": "Bot naam is veranderd naar {0}",
    "administration_bot_status": "Botstatus is veranderd naar {0}",
    "administration_byedel_off": "Automatische verwijdering van de afscheidsberichten is uitgeschakeld.",
    "administration_byedel_on": "Afscheidsberichten zullen worden verwijderd na {0} seconden.",
    "administration_byemsg_cur": "Momenteel is het afscheidsbericht: {0}",
    "administration_byemsg_enable": "Schakel de afscheidsbericht in door {0} te typen.",
    "administration_byemsg_new": "Nieuw afscheidsbericht is geplaatst.",
    "administration_bye_off": "Afscheidsbericht uitgeschakeld.",
    "administration_bye_on": "Afscheidsbericht ingeschakeld op dit kanaal.",
    "administration_ch_name_change": "Kanaalnaam is veranderd.",
    "administration_ch_old_name": "Oude naam",
    "administration_ch_topic_change": "Kanaalonderwerp is veranderd",
    "administration_cleaned_up": "Opgeruimd.",
    "administration_content": "Inhoud",
    "administration_cr": "Succesvol {0} rol aangemaakt.",
    "administration_createtextchan": "Tekst-kanaal {0} aangemaakt.",
    "administration_createvoich": "Voice-kanaal {0} aangemaakt.",
    "administration_deafen": "Dempen succesvol.",
    "administration_deleted_server": "Server verwijderd {0}",
    "administration_delmsg_off": "Succesvol aangeroepen commando's worden niet automatisch verwijderd.",
    "administration_delmsg_on": "Succesvol aangeroepen commando's worden nu automatisch verwijderd.",
    "administration_deltextchan": "Tekst-kanaal {0} verwijderd.",
    "administration_delvoich": "Voice-kanaal {0} verwijderd.",
    "administration_dm_from": "Privé-bericht van",
    "administration_donadd": "Met succes een nieuwe donateur toegevoegd. Totaal gedoneerde bedrag van deze gebruiker: {0}",
    "administration_donators": "Dank aan de mensen hieronder voor het waarmaken van dit project!",
    "administration_fwall_start": "Ik zal alle eigenaren privé-berichten doorsturen.",
    "administration_fwall_stop": "Ik zal alleen privé-berichten doorsturen naar de eerste eigenaar.",
    "administration_fwdm_start": "Ik zal privé-berichten doorsturen vanaf nu.",
    "administration_fwdm_stop": "Ik stop vanaf nu met het doorsturen van privé berichten.",
    "administration_greetdel_off": "Automatisch verwijderen van begroetings-berichten uitgeschakeld.",
    "administration_greetdel_on": "Begroetings-berichten zullen worden verwijderd na {0} seconden.",
    "administration_greetdmmsg_cur": "Momenteel is het privé begroetings-bericht: {0}",
    "administration_greetdmmsg_enable": "Schakel DM begroetingen in door {0} in te typen",
    "administration_greetdmmsg_new": "Nieuwe DM begroeting ingesteld.",
    "administration_greetdm_off": "DM begroetingen uitgeschakeld.",
    "administration_greetdm_on": "DM begroetingen ingeschakeld.",
    "administration_greetmsg_cur": "Huidige begroeting: {0}",
    "administration_greetmsg_enable": "Schakel begroetingen in door {0} in te typen",
    "administration_greetmsg_new": "Nieuwe begroeting ingesteld.",
    "administration_greet_off": "Begroetingen uitgeschakeld.",
    "administration_greet_on": "Begroetingen uitschakeld op dit kanaal.",
    "administration_hierarchy": "Je kunt geen commando gebruiken op gebruikers met een hogere of eenzelfde rol als die van jouw in de rollenhiërarchie.",
    "administration_images_loaded": "Afbeeldingen geladen na {0} seconden!",
    "administration_invalid_format": "Ongeldig invoerformaat.",
    "administration_invalid_params": "Ongeldige parameters.",
    "administration_joined": "{0} heeft {1} toegetreden",
    "administration_kickdm": "Je bent gekickt van {0}.\nReden: {1}",
    "administration_kicked_user": "Gebruiker gekickt.",
    "administration_lang_list": "Lijst van talen",
    "administration_lang_set": "Je server's landinstelling is nu {0} - {1}",
    "administration_lang_set_bot": "De bot zijn standaard landinstelling is nu {0} - {1}",
    "administration_lang_set_bot_show": "Taal van de bot is nu {0} - {1}",
    "administration_lang_set_fail": "Instellen van landsinstelling mislukt. Ga naar de hulp voor dit commando.",
    "administration_lang_set_show": "De taal van de server is nu {0} - {1}",
    "administration_left": "{0} heeft {1} verlaten",
    "administration_left_server": "{0} verlaten",
    "administration_log": "Gebeurtenis {0} wordt gelogd in dit kanaal.",
    "administration_log_all": "Alle gebeurtenissen worden gelogd in dit kanaal.",
    "administration_log_disabled": "Logging uitgeschakeld.",
    "administration_log_events": "Log-gebeurtenissen waar je op kan abonneren:",
    "administration_log_ignore": "Logging zal {0} negeren",
    "administration_log_not_ignore": "Logging zal {0} niet negeren",
    "administration_log_stop": "Gestopt met het loggen van {0}.",
    "administration_menrole": "{0} heeft een melding geplaatst op de volgende rollen",
    "administration_message_from_bo": "Bericht van {0} `[Bot Eigenaar]`:",
    "administration_message_sent": "Bericht verstuurd.",
    "administration_moved": "{0} verplaats van {1} naar {2}",
    "administration_msg_del": "Bericht in #{0} verwijderd",
    "administration_msg_update": "Bericht in #{0} bijgewerkt",
    "administration_muted_pl": "gemute",
    "administration_muted_sn": "gemute",
    "administration_mute_error": "Ik heb de benodigde rechten daarvoor waarschijnlijk niet.",
    "administration_mute_role_set": "Nieuwe demp rol geplaatst.",
    "administration_need_admin": "Ik heb **administrator** rechten daar voor nodig.",
    "administration_new_msg": "Nieuw bericht",
    "administration_new_nick": "Nieuwe bijnaam",
    "administration_new_topic": "Nieuw onderwerp",
    "administration_nick_change": "Bijnaam veranderd",
    "administration_no_server": "Kan de server niet vinden",
    "administration_no_shard_id": "Geen shard gevonden met dat ID.",
    "administration_old_msg": "Oud bericht",
    "administration_old_nick": "Oude bijnaam",
    "administration_old_topic": "Oud onderwerp",
    "administration_perms": "Error. Hoogst waarschijnlijk heb ik geen voldoende rechten.",
    "administration_prot_active": "Actieve beschermingen.",
    "administration_prot_disable": "{0} is nu ** uitgeschakeld** op deze server.",
    "administration_prot_enable": "{0} Ingeschakeld",
    "administration_prot_error": "Error. ik heb Beheer Rollen rechten nodig",
    "administration_prot_none": "Geen bescherming ingeschakeld.",
    "administration_raid_cnt": "Gebruikersdrempel moet tussen {0} en {1} zijn.",
    "administration_raid_stats": "Als {0} of meerdere gebruikers binnen {1} seconden toetreden, zal ik ze {2}.",
    "administration_raid_time": "Aangegeven tijd hoort binnen {0} en {1} seconden te vallen.",
    "administration_rar": "Met succes alle rollen van gebruiker {0} verwijderd.",
    "administration_rar_err": "Het verwijderen van de rollen is mislukt. Ik heb onvoldoende rechten.",
    "administration_rc": "De kleur van de rol {0} is veranderd.",
    "administration_rc_not_exist": "Die rol bestaat niet.",
    "administration_rc_params": "De aangegeven parameters zijn ongeldig.",
    "administration_rc_perms": "Error voorgekomen vanwege ongeldige kleur of onvoldoende rechten.",
    "administration_remrole": "Met sucess rol {0} verwijderd van gebruiker {1}.",
    "administration_remrole_err": "Mislukt om rol te verwijderen. Ik heb onvoldoende rechten.",
    "administration_renrole": "Naam van de rol veranderd.",
    "administration_renrole_err": "Naam van de rol veranderen mislukt. Ik heb onvoldoende rechten.",
    "administration_renrole_perms": "Je kan geen rollen bijwerken die hoger zijn dan je hoogste rol.",
    "administration_reprm": "Spelende bericht verwijderd: {0}",
    "administration_role_added": "Rol {0} is toegevoegd aan de lijst.",
    "administration_role_clean": "{0} niet gevonden. Klaar met opruimen.",
    "administration_role_in_list": "Rol {0} staat al in de lijst.",
    "administration_ropl_added": "Toegevoegd.",
    "administration_ropl_disabled": "Routerende speelstatus uitgeschakeld.",
    "administration_ropl_enabled": "Routerende speelstatus ingeschakeld.",
    "administration_ropl_list": "Hier is een lijst met routerende statussen:\n{0}",
    "administration_ropl_not_set": "Nog geen routerende speelstatussen ingesteld.",
    "administration_self_assign_already": "Je hebt rol {0} al.",
    "administration_self_assign_already_excl": "Je hebt {0} exclusieve zelf-toegewezen rol al.",
    "administration_self_assign_excl": "Zelf toegewezen rollen zijn nu exclusief!",
    "administration_self_assign_list": "Er zijn {0} zelf toewijsbare rollen",
    "administration_self_assign_not": "Deze rol is niet zelf-toewijsbaar.",
    "administration_self_assign_not_have": "Je hebt rol {0} niet.",
    "administration_self_assign_no_excl": "Zelf-toegewezen rollen zijn nu niet exclusief!",
    "administration_self_assign_perms": "Ik kan deze rol niet aan je toevoegen. `Ik kan geen rollen toevoegen aan eigenaren of andere rollen die boven mij staan in de rol-hiërarchie.`",
    "administration_self_assign_rem": "{0} is verwijderd van de lijst met zelf toewijsbare rollen.",
    "administration_self_assign_remove": "Je hebt de {0} rol niet meer.",
    "administration_self_assign_success": "Je hebt nu de {0} rol.",
    "administration_setrole": "Succesvol de rol {0} toegevoegd aan gebruiker {1}",
    "administration_setrole_err": "Fout bij het toevoegen van de rol. Ik heb onvoldoende rechten.",
    "administration_set_avatar": "Nieuwe avatar ingesteld!",
    "administration_set_channel_name": "Nieuwe kanaalnaam ingesteld.",
    "administration_set_game": "Nieuwe game ingesteld!",
    "administration_set_stream": "Nieuwe stream ingesteld!",
    "administration_set_topic": "Nieuwe kanaalonderwerp ingesteld.",
    "administration_shard_reconnected": "Shard {0} opnieuw verbonden.",
    "administration_shard_reconnecting": "Shard {0} is opnieuw aan het verbinden.",
    "administration_shutting_down": "Aan het afsluiten",
    "administration_slowmode_desc": "Gebruikers kunnen niet meer dan {0} berichten sturen per {1} seconden.",
    "administration_slowmode_disabled": "Langzame modus uitgezet.",
    "administration_slowmode_init": "Langzame modus gestart.",
    "administration_soft_banned_pl": "soft-verbannen (gekickt)",
    "administration_spam_ignore": "{0} zal dit kanaal negeren.",
    "administration_spam_not_ignore": "{0} zal dit kanaal niet langer negeren.",
    "administration_spam_stats": "Als een gebruiker {0} gelijke berichten plaatst, zal ik ze {1}.\n__IgnoredChannels__: {2}",
    "administration_text_chan_created": "Tekst-kanaal aangemaakt.",
    "administration_text_chan_destroyed": "Tekst-kanaal verwijderd.",
    "administration_undeafen": "Doof maken ontdoen succesvol",
    "administration_unmuted_sn": "Geünmute",
    "administration_username": "Gebruikersnaam",
    "administration_username_changed": "Gebruikersnaam veranderd",
    "administration_users": "Gebruikers",
    "administration_user_banned": "Gebruiker verbannen",
    "administration_user_chat_mute": "{0} is **gedempt** van het chatten.",
    "administration_user_chat_unmute": "{0} is **ongedempt** van het chatten.",
    "administration_user_joined": "Gebruiker is toegetreden",
    "administration_user_left": "Gebruiker is weggegaan",
    "administration_user_muted": "{0} is **gedempt** van het tekst- en voice-kanaal.",
    "administration_user_role_add": "Rol van gebruiker toegevoegd",
    "administration_user_role_rem": "Rol van gebruiker verwijderd",
    "administration_user_status_change": "{0} is nu {1}",
    "administration_user_unmuted": "{0} is **ongedempt** van het tekst- en voice-kanaal.",
    "administration_user_vjoined": "{0} is {1} voice-kanaal toegetreden.",
    "administration_user_vleft": "{0} heeft {1} voice-kanaal verlaten.",
    "administration_user_vmoved": "{0} heeft {1} naar {2} voice-kanaal verplaatst.",
    "administration_user_voice_mute": "{0} is **spraak gemute**.",
    "administration_user_voice_unmute": "{0} is **spraak geünmute**.",
    "administration_voice_chan_created": "Voice-kanaal gemaakt",
    "administration_voice_chan_destroyed": "Voice-kanaal verwijderd",
    "administration_vt_disabled": "Spraak + tekst mogelijkheid uitgezet.",
    "administration_vt_enabled": "Spraak + tekst mogelijkheid aangezet.",
    "administration_vt_exit": "Ik heb geen **Rol Beheer** en/of **Kanaal Beheer** toestemmingen, dus ik kan geen `stem+text` gebruiken op de {0} server.",
    "administration_vt_no_admin": "Deze eigenschap wordt door jou ingeschakeld/uitgeschakeld maar **Ik heb geen ADMINISTRATIEVE toestemmingen**. Hierdoor kunnen er mogelijk problemen ontstaan, en je zal daarna de tekst-kanalen zelf moeten opruimen.",
    "administration_vt_perms": "Ik heb tenminste **Rollen Beheren** en **Kanalen Beheren** toestemmingen nodig om deze functie in te schakelen. (Gelieve administratieve rechten)",
    "administration_xmuted_text": "Gebruiker {0} van tekstkanaal",
    "administration_xmuted_text_and_voice": "Gebruiker {0} van tekst- en spraakkanaal",
    "administration_xmuted_voice": "Gebruiker {0} van spraakkanaal",
    "administration_sbdm": "Je bent soft-gebant van {0} server.\nReden: {1}",
    "administration_user_unbanned": "Gebruiker niet meer verbannen",
    "administration_migration_done": "Migratie klaar!",
    "administration_presence_updates": "Aanwezigheid updates",
    "administration_sb_user": "Gebruiker soft-gebant",
    "gambling_awarded": "heeft {0} aan {1} gegeven",
    "gambling_better_luck": "Volgende keer beter ^_^",
    "gambling_br_win": "Gefeliciteerd! Je hebt {0} gewonnen voor het rollen boven de {1}",
    "gambling_deck_reshuffled": "Dek herschud.",
    "gambling_flipped": "heeft de munt op {0} gegooid",
    "gambling_flip_guess": "Je hebt het goed gegokt! Je hebt {0} gewonnen",
    "gambling_flip_invalid": "Ongeldig nummer opgegeven. Je kan 1 tot {0} munten opgooien",
    "gambling_flowerreaction_desc": "Voeg {0} reactie toe aan dit bericht om {1} te krijgen",
    "gambling_flowerreaction_footer": "Dit evenement blijft actief voor {0} uur.",
    "gambling_flowerreaction_title": "Bloemen reactie evenement gestart!",
    "gambling_gifted": "heeft {0} aan {1} cadeau gegeven",
    "gambling_has": "{0} heeft {1}",
    "gambling_heads": "Kop",
    "gambling_leaderboard": "Scoreboard",
    "gambling_mass_award": "{0} heeft {1} gebruikers beloont met {2} rol.",
    "gambling_max_bet_limit": "Je kan niet meer dan {0} wedden",
    "gambling_min_bet_limit": "Je kan niet minder dan {0} wedden",
    "gambling_not_enough": "Je hebt niet genoeg {0}",
    "gambling_no_more_cards": "Geen kaarten meer in het dek.",
    "gambling_raffled_user": "Verlootte gebruiker",
    "gambling_roll": "Je hebt {0} gerold.",
    "gambling_slot_bet": "Inzet",
    "gambling_slot_jackpot": "WOAAHHHHHH!!! Gefeliciteerd!!! x{0}",
    "gambling_slot_single": "Een enkele {0}, x{1}",
    "gambling_slot_three": "Wow! Wat een geluk! Three of a kind! x{0}",
    "gambling_slot_two": "Goed gedaan! Twee {0} - wed x{1}",
    "gambling_slot_won": "Gewonnen",
    "gambling_sneakygamestatus_desc": "Gebruikers moeten een geheime code in typen om {0} te krijgen.\nDuurt {1} seconden. Vertel het aan niemand. Shhh.",
    "gambling_sneakygamestatus_end": "SneakyGame evenement geeindigt. {0} gebruikers hebben een beloning ontvangen.",
    "gambling_sneakygamestatus_title": "SneakyGameStatus evenement gestart.",
    "gambling_tails": "Munt",
    "gambling_take": "succesvol {0} van {1} genomen",
    "gambling_take_fail": "kon niet {0} van {1} nemen omdat de gebruiker niet zoveel {2} heeft!",
    "help_back_to_toc": "Terug naar de inhoudsopgave",
    "help_bot_owner_only": "Alleen voor Bot-eigenaren",
    "help_channel_permission": "Heeft {0} kanaal rechten nodig.",
    "help_cmdlist_donate": "Je kan het project steunen op Patreon: <{0}> of PayPal: <{1}>",
    "help_cmd_and_alias": "Commando's en aliassen",
    "help_commandlist_regen": "Commandolijst gegenereerd.",
    "help_commands_instr": "Typ `{0}h CommandoNaam` om de uitleg te zien voor dat specifieke commando. b.v `{0}h {0}8bal`",
    "help_command_not_found": "Ik kan het commando niet vinden. Verifieer of dit commando echt bestaat voordat je het opnieuw probeert.",
    "help_desc": "Beschrijving",
    "help_donate": "Je kan het NadekoBot project steunen op\nPatreon <{0}> of\nPayPal <{1}>\nVergeet niet je discord naam en id in het bericht te zetten.\n\n**Hartelijk bedankt** ♥️",
    "help_guide": "**Lijst met commando's**: <{0}>\n**Hosting tutorials en documenten kunnen hier gevonden worden**: <{1}>",
    "help_list_of_commands": "Lijst met commando's",
    "help_list_of_modules": "Lijst met modules",
    "help_modules_footer": "Typ `{0}cmds ModuleNaam` om een lijst van commando's te krijgen voor die module. bv `{0}cmds games`",
    "help_module_not_found": "Deze module bestaat niet.",
    "help_server_permission": "Heeft {0} server rechten nodig.",
    "help_table_of_contents": "Inhoudsopgave",
    "help_usage": "Gebruik",
    "nsfw_autohentai_started": "Autohentai gestart. Er wordt elke {0} seconden een foto geplaatst met de volgende labels:\n{1}",
    "nsfw_tag": "Label",
    "gambling_animal_race": "Dierenrace",
    "gambling_animal_race_failed": "Gefaald om te starten omdat er niet genoeg deelnemers zijn.",
    "gambling_animal_race_full": "De race is vol! De race wordt onmiddellijk gestart.",
    "gambling_animal_race_join": "{0} doet mee als een {1}",
    "gambling_animal_race_join_bet": "{0} doet mee als een {1} en wed {2}!",
    "gambling_animal_race_join_instr": "Typ {0}jr om mee te doen met de race.",
    "gambling_animal_race_starting": "De race zal met 20 seconden beginnen of wanneer de kamer is vol.",
    "gambling_animal_race_starting_with_x": "De race zal beginnen bij {0} deelnemers.",
    "gambling_animal_race_won": "{0} heeft de race gewonnen als {1}!",
    "gambling_animal_race_won_money": "{0} heeft de race gewonnen als {1} en {2}!",
    "gambling_dice_invalid_number": "Ongeldig nummer ingevoerd. Je kan de dobbelsteen van {0}-{1} rollen.",
    "gambling_dice_rolled": "heeft {0} gerold.",
    "gambling_dice_rolled_num": "Dobbelsteen gerold: {0}",
    "gambling_race_failed_starting": "Starten van de race is mislukt. Een andere race is waarschijnlijk bezig.",
    "gambling_race_not_exist": "Er bestaat geen enkele race op deze server",
    "gambling_second_larger_than_first": "Het tweede nummer moet hoger zijn dan het eerste nummer.",
    "gambling_changes_of_heart": "Ommezwaai",
    "gambling_claimed_by": "Opgeëist door",
    "gambling_divorces": "Scheidingen",
    "gambling_likes": "Likes",
    "gambling_price": "Prijs",
    "gambling_waifus_none": "Er zijn nog geen waifus geclaimed.",
    "gambling_waifus_top_waifus": "Top Waifus",
    "gambling_waifu_affinity_already": "Jouw affiniteit is al ingesteld op een waifu, of je probeert om je affiniteit weg te halen terwijl je geen hebt.",
    "gambling_waifu_affinity_changed": "Affiniteit veranderd van {0} naar {1}\n\n*Dit is moreel gezien twijfelachtig.*🤔",
    "gambling_waifu_affinity_cooldown": "Je moet {0} uren en {1} minuten wachten om je affiniteit weer te veranderen.",
    "gambling_waifu_affinity_reset": "Je affiniteit is gereset. Je hebt geen persoon meer die je leuk vindt.",
    "gambling_waifu_affinity_set": "wil {0}'s waifu zijn. Aww <3",
    "gambling_waifu_claimed": "heeft {0} geclaimed als hun waifu voor {1}!",
    "gambling_waifu_divorced_like": "Je bent gescheiden met een waifu die jou leuk vindt. Jij harteloos monster.\n{0} ontvangen {1} als compensatie.",
    "gambling_waifu_egomaniac": "Je kunt geen affiniteit voor jezelf instellen, jij opgeblazen egoist.",
    "gambling_waifu_fulfilled": "🎉Hun liefde overvloeit! 🎉\n{0}'s nieuwe waarde is {1}!",
    "gambling_waifu_isnt_cheap": "Geen enkele waifu is zo goedkoop. Je moet tenminste {0} betalen om een waifu te krijgen, ook al is hun echte waarde lager.",
    "gambling_waifu_not_enough": "Je moet tenminste {0} betalen om die waifu te nemen!",
    "gambling_waifu_not_yours": "Die waifu is niet van jou.",
    "gambling_waifu_not_yourself": "Je kunt jezelf niet als waifu nemen.",
    "gambling_waifu_recent_divorce": "Je bent kort geleden gescheiden. Je moet {0} uren en {1} minuten wachten om weer te scheiden.",
    "gambling_nobody": "Niemand",
    "gambling_waifu_divorced_notlike": "Je bent gescheiden met een waifu die jou niet leuk vindt. Je krijgt {0} terug.",
    "games_8ball": "8ball",
    "games_acrophobia": "Acrophobie",
    "games_acro_ended_no_sub": "Spel afgelopen zonder inzendingen.",
    "games_acro_no_votes_cast": "Geen stemmen ingestuurd. Spel beëindigd zonder winnaar.",
    "games_acro_nym_was": "Afkorting was {0}",
    "games_acro_running": "Acrophobie spel is al bezig in dit kanaal.",
    "games_acro_started": "Game is gestart: maak een zin met de volgende afkorting: {0}.",
    "games_acro_started_footer": "Je hebt {0} seconden om een inzending te maken.",
    "games_acro_submit": "{0} heeft een zin ingezonden. ({1} in totaal)",
    "games_acro_vote": "Stem door het nummer van een inzending te typen",
    "games_acro_vote_cast": "{0} heeft gestemd!",
    "games_acro_winner": "De winnaar is {0} met {1} punten.",
    "games_acro_winner_only": "{0} is de winnaar doordat deze als enige een inzending heeft gemaakt!",
    "games_question": "Vraag",
    "games_rps_draw": "Het is gelijkspel! Beiden hebben {0} gekozen",
    "games_rps_win": "{0} heeft gewonnen! {1} verslaat {2}",
    "games_submissions_closed": "Inzendingen gesloten.",
    "gambling_animal_race_already_started": "Dierenrace is al bezig.",
    "gambling_total_average": "Totaal: {0} Gemiddeld: {1}",
    "games_category": "Categorie",
    "games_cleverbot_disabled": "Cleverbot is uitgeschakeld op deze server.",
    "games_cleverbot_enabled": "Cleverbot is ingeschakeld op deze server.",
    "games_curgen_disabled": "Valuta generatie is uitgeschakeld op dit kanaal.",
    "games_curgen_enabled": "Valuta generatie is ingeschakeld op dit kanaal.",
    "games_curgen_pl": "{0} willekeurige {1} zijn verschenen!",
    "games_curgen_sn": "Een willekeurige {0} is verschenen!",
    "games_failed_loading_question": "Het laden van de vraag is gefaald.",
    "games_game_started": "Spel gestart.",
    "games_hangman_game_started": "Galgje potje gestart",
    "games_hangman_running": "Er is al een potje galgje aan de gang in dit kanaal.",
    "games_hangman_start_errored": "Galgje kon niet opstarten vanwege een fout.",
    "games_hangman_types": "Lijst van \"{0}galgje\" term types:",
    "games_leaderboard": "Scoreboard",
    "games_not_enough": "Je hebt niet genoeg {0}",
    "games_no_results": "Geen resultaten",
    "games_picked": "{0} geplukt",
    "games_planted": "{0} heeft {1} geplant",
    "games_trivia_already_running": "Trivia spel is al bezig in deze server.",
    "games_trivia_game": "Trivia spel",
    "games_trivia_guess": "{0} heeft 't geraden! Het antwoord was: {1}",
    "games_trivia_none": "Trivia is niet bezig op deze server.",
    "games_trivia_points": "{0} heeft {1} punten",
    "games_trivia_stopping": "Er wordt gestopt na deze vraag.",
    "games_trivia_times_up": "De tijd is om! Het goede antwoord was {0}",
    "games_trivia_win": "{0} heeft het antwoord geraden en wint het spel! Het antwoord was: {1}",
    "games_ttt_against_yourself": "Je kan niet tegen jezelf spelen.",
    "games_ttt_already_running": "Boter-Kaas-en-Eieren spel is al bezig in dit kanaal.",
    "games_ttt_a_draw": "Gelijkspel!",
    "games_ttt_created": "heeft een Boter-Kaas-en-Eieren sessie aangemaakt.",
    "games_ttt_has_won": "{0} heeft gewonnen!",
    "games_ttt_matched_three": "Drie op een rij",
    "games_ttt_no_moves": "Geen zetten over!",
    "games_ttt_time_expired": "Tijd voorbij!",
    "games_ttt_users_move": "{0}'s beurt",
    "games_vs": "{0} tegen {1}",
    "music_attempting_to_queue": "Aan het proberen om {0} tracks in de wachtrij te zetten...",
    "music_autoplay_disabled": "Autoplay uitgezet.",
    "music_autoplay_enabled": "Autoplay aangezet.",
    "music_defvol_set": "Standaardvolume op {0}% gezet",
    "music_dir_queue_complete": "Map afspeellijst geladen/compleet.",
    "music_fairplay": "Fairplay",
    "music_finished_song": "Track afgelopen:",
    "music_fp_disabled": "Fairplay uitgeschakeld.",
    "music_fp_enabled": "Fairplay ingeschakeld.",
    "music_from_position": "Van positie",
    "music_id": "ID",
    "music_invalid_input": "Ongeldige invoer.",
    "music_max_playtime_none": "Maximale speeltijd heeft geen limiet meer.",
    "music_max_playtime_set": "Maximale speeltijd op {0} seconden gezet.",
    "music_max_queue_unlimited": "Maximale muziek wachtrij heeft geen limiet meer.",
    "music_max_queue_x": "Maximale muziek wachtrij is nu {0} tracks.",
    "music_must_be_in_voice": "Je moet in het spraakkanaal van de server zijn.",
    "music_name": "Naam",
    "music_now_playing": "Nu aan het spelen",
    "music_no_player": "Geen actieve muziek speler.",
    "music_no_search_results": "Geen zoekresultaten.",
    "music_paused": "Muziek gepauzeerd.",
    "music_player_queue": "Speler afspeellijst - Pagina {0}/{1}",
    "music_playing_song": "Track #{0} wordt afgespeeld",
    "music_playlists": "`#{0}` - **{1}** van *{2}* ({3} tracks) ",
    "music_playlists_page": "Pagina {0} van opgeslagen afspeellijsten\n",
    "music_playlist_deleted": "Afspeellijst verwijderd.",
    "music_playlist_delete_fail": "Fout bij het verwijderen van de afspeellijst. De afspeellijst bestaat niet of jij bent niet de eigenaar.",
    "music_playlist_id_not_found": "Afspeellijst met dat ID bestaat niet.",
    "music_playlist_queue_complete": "Afspeellijst wachtrij afgerond.",
    "music_playlist_saved": "Afspeellijst opgeslagen",
    "music_play_limit": "{0}s limiet",
    "music_queue": "Wachtrij",
    "music_queued_song": "Nummer toegevoegd\n",
    "music_queue_cleared": "Muziek wachtrij leeggemaakt.",
    "music_queue_full": "Wachtrij is vol op {0}/{0}.",
    "music_removed_song": "Track verwijderd:",
    "music_repeating_cur_song": "Huidige track word herhaald",
    "music_repeating_playlist": "Afspeellijst wordt herhaald",
    "music_repeating_track": "Nummer wordt herhaald",
    "music_repeating_track_stopped": "Huidige nummerherhaling gestopt.",
    "music_resumed": "Nummer word hervat.",
    "music_rpl_disabled": "Herhalende afspeellijst uitgeschakeld.",
    "music_rpl_enabled": "Herhalende afspeellijst ingeschakeld.",
    "music_set_music_channel": "Tracks die worden afgespeeld, aflopen, gepauzeerd worden en worden verwijderd laat ik in dit kanaal zien.",
    "music_skipped_to": "Overslaan naar `{0}:{1}`",
    "music_song_moved": "Track verzet",
    "music_time_format": "{0}u {1}m {2}s",
    "music_to_position": "Naar positie",
    "music_unlimited": "ongelimiteerd",
    "music_volume_input_invalid": "Volume moet tussen 0 en 100 zijn",
    "music_volume_set": "Volume op {0}% gezet",
    "permissions_acm_disable": "ALLE MODULES zijn uitgeschakeld op kanaal {0}.",
    "permissions_acm_enable": "ALLE MODULES zijn ingeschakeld op kanaal {0}.",
    "permissions_allowed": "Toegestaan",
    "permissions_arm_disable": "ALLE MODULES zijn uitgeschakeld voor deze rol {0}.",
    "permissions_arm_enable": "ALLE MODULES zijn ingeschakeld voor deze rol{0}.",
    "permissions_asm_disable": "ALLE MODULES zijn uitgeschakeld op deze server.",
    "permissions_asm_enable": "ALLE MODULES zijn ingeschakeld op deze server.",
    "permissions_aum_disable": "ALLE MODULES zijn uitgeschakeld voor deze gebruiker{0}.",
    "permissions_aum_enable": "ALLE MODULES zijn ingeschakeld voor deze gebruiker{0}.",
    "permissions_blacklisted": "Blacklisted {0} met ID {1}",
    "permissions_cmdcd_add": "Commando {0} heeft nu een {1} seconden cooldown.",
    "permissions_cmdcd_cleared": "Commando {0} heeft geen cooldown meer, en alle bestaande cooldowns zijn weggehaald.",
    "permissions_cmdcd_none": "Geen commando cooldowns ingesteld.",
    "permissions_command_costs": "Command kosten",
    "permissions_cx_disable": "Gebruik van {0} {1} uitgeschakeld in kanaal {2}.",
    "permissions_cx_enable": "Gebruik van {0} {1} ingeschakeld in kanaal {2}.",
    "permissions_denied": "Geweigerd",
    "permissions_filter_word_add": "Woord {0} toegevoegd aan de lijst met gefilterde woorden.",
    "permissions_filter_word_list": "Lijst van gefilterde woorden",
    "permissions_filter_word_remove": "Woord {0} verwijderd van de lijst met gefilterde woorden.",
    "permissions_invalid_second_param_between": "Ongeldige tweede parameter (moet een nummer zijn tussen {0} en {1}).",
    "permissions_invite_filter_channel_off": "Uitnodigingfilter uitgeschakeld in dit kanaal.",
    "permissions_invite_filter_channel_on": "Uitnodigingfilter ingeschakeld in dit kanaal.",
    "permissions_invite_filter_server_off": "Uitnodigingfilter uitgeschakeld in deze server.",
    "permissions_invite_filter_server_on": "Uitnodigingfilter ingeschakeld in deze server.",
    "permissions_moved_permission": "Toestemming {0} verplaatst van #{1} naar #{2}",
    "permissions_not_found": "Kan de toestemming niet vinden in inhoudsopgave #{0}",
    "permissions_no_costs": "Geen kosten ingesteld.",
    "permissions_of_command": "commando",
    "permissions_of_module": "module",
    "permissions_page": "Rechten pagina {0}",
    "permissions_permrole": "Actuele toestemmingsrol is {0}.",
    "permissions_permrole_changed": "Gebruiker heeft nu {0} rol om toestemmingen te veranderen.",
    "permissions_perm_out_of_range": "Geen toestemming gevonden in de inhoudsopgave.",
    "permissions_removed": "Verwijderd toestemming #{0} - {1}",
    "permissions_rx_disable": "Gebruik van {0} {1} uitgeschakeld voor rol {2}.",
    "permissions_rx_enable": "Gebruik van {0} {1} ingeschakeld voor rol {2}.",
    "permissions_sec": "sec.",
    "permissions_sx_disable": "Gebruik van {0} {1} uitgeschakeld op deze server.",
    "permissions_sx_enable": "Gebruik van {0} {1} ingeschakeld op deze server.",
    "permissions_unblacklisted": "Unblacklisted {0} met ID {1} ",
    "permissions_uneditable": "Niet veranderbaar",
    "permissions_ux_disable": "Uitgeschakelde gebruik van {0} {1} voor gebruiker {2}.",
    "permissions_ux_enable": "Ingeschakelde gebruik van {0} {1} voor gebruiker {2}.",
    "permissions_verbose_false": "Ik zal geen permissiewaarschuwingen meer weergeven.",
    "permissions_verbose_true": "Ik zal permissiewaarschuwingen weergeven.",
    "permissions_word_filter_channel_off": "Woordfilter gedeactiveerd in dit kanaal.",
    "permissions_word_filter_channel_on": "Woordfilter geactiveerd in dit kanaal.",
    "permissions_word_filter_server_off": "Woordfilter gedeactiveerd in deze server.",
    "permissions_word_filter_server_on": "Woordfilter geactiveerd in deze server.",
    "searches_abilities": "Begaafdheid",
    "searches_anime_no_fav": "Nog geen favoriete anime",
    "searches_atl_ad_started": "Gestart met het automatisch vertalen van berichten op dit kanaal. Berichten van gebruikers worden automatisch verwijderd.",
    "searches_atl_removed": "Jouw automatisch translatie taal is verwijderd.",
    "searches_atl_set": "Jouw automatisch translatie taal is aangepast naar {0}>{1}",
    "searches_atl_started": "Gestart met het automatisch vertalen van berichten op dit kanaal.",
    "searches_atl_stopped": "Gestopt met het automatisch vertalen van berichten op dit kanaal.",
    "searches_bad_input_format": "Verkeerde invoer formaat, of ging er iets mis.",
    "searches_card_not_found": "Gekozen kaart is niet gevonden.",
    "searches_catfact": "feit",
    "searches_chapters": "hoofdstukken",
    "searches_comic_number": "Stripboek #",
    "searches_compet_loses": "Competitief verloren",
    "searches_compet_played": "Competitief gespeeld",
    "searches_compet_rank": "Competitief rang",
    "searches_compet_wins": "Competitief Gewonnen",
    "searches_completed": "Voltooid",
    "searches_condition": "Conditie",
    "searches_cost": "Kost",
    "searches_date": "Datum",
    "searches_define": "Definiëren:",
    "searches_dropped": "Laten vallen",
    "searches_episodes": "Afleveringen",
    "searches_error_occured": "Er heeft zich een fout voorgedaan.",
    "searches_example": "Voorbeeld",
    "searches_failed_finding_anime": "Kon die animu niet vinden.",
    "searches_failed_finding_manga": "Kon die mango niet vinden.",
    "searches_genres": "Genres",
    "searches_hashtag_error": "Definitie vinden voor de label is mislukt.",
    "searches_height_weight": "Lengte/Gewicht",
    "searches_height_weight_val": "{0}m/{1}kg ",
    "searches_humidity": "Vochtigheid",
    "searches_image_search_for": "Afbeelding zoekopdracht voor:",
    "searches_imdb_fail": "Mislukt in het vinden van die film.",
    "searches_invalid_lang": "Invalide taal -bron of -doel.",
    "searches_jokes_not_loaded": "Grapjes niet geladen.",
    "searches_latlong": "Lengte- en breedtegraad",
    "searches_level": "Niveau",
    "searches_list_of_place_tags": "Lijst van {0}plaats labels",
    "searches_location": "Lokatie",
    "searches_magicitems_not_loaded": "Magische Items niet geladen.",
    "searches_mal_profile": "{0}'s MAL profiel",
    "searches_mashape_api_missing": "Je kunt deze functie niet gebruiken. Bot eigenaar heeft MashapeApiKey niet gedefinieërd.",
    "searches_min_max": "Minimaal/Maximaal",
    "searches_no_channel_found": "Geen kanaal gevonden.",
    "searches_no_results": "Geen resultaten gevonden.",
    "searches_on_hold": "On-hold",
    "searches_original_url": "Originele URL",
    "searches_osu_api_key": "Een osu! API sleutel is vereist.",
    "searches_osu_failed": "Kon het osu! handtekening niet ontvangen.",
    "searches_over_x": "Meer dan {0} afbeeldingen gevonden. Willekeurig Resultaat {0}.",
    "searches_ow_user_not_found": "Gebruiker niet gevonden! Check de Regio en de BattleTag voordat je het opnieuw probeert.",
    "searches_plan_to_watch": "Van plan om te bekijken.",
    "searches_platform": "Platform",
    "searches_pokemon_ability_none": "Geen talent gevonden.",
    "searches_pokemon_none": "Geen Pokémon gevonden.",
    "searches_profile_link": "Profiel link:",
    "searches_quality": "Kwaliteit:",
    "searches_quick_playtime": "Snel kijktijd",
    "searches_quick_wins": "Snelle overwinningen.",
    "searches_rating": "Beoordeling",
    "searches_score": "Score:",
    "searches_search_for": "Zoekopdracht voor:",
    "searches_shorten_fail": "Fout bij het inkorten van de URL.",
    "searches_short_url": "Korte URL",
    "searches_something_went_wrong": "Er is iets mis gegaan.",
    "searches_specify_search_params": "Specificeer zoek parameters alsjeblieft. ",
    "searches_status": "Status",
    "searches_store_url": "Winkel URL",
    "searches_streamer_offline": "Streamer {0} is offline.",
    "searches_streamer_online": "Streamer {0} is online met {1} kijkers.",
    "searches_streams_following": "Je volgt {0} streams op deze server.",
    "searches_streams_none": "Je volgt geen streams op deze server.",
    "searches_stream_no": "Stream niet gevonden.",
    "searches_stream_not_exist": "Stream bestaat mogelijk niet.",
    "searches_stream_removed": "Verwijderd {0}'s stream ({1}) van notificaties. ",
    "searches_stream_tracked": "Ik zal dit kanaal op de hoogte houden wanneer de status verandert.",
    "searches_sunrise": "Zon's opgang",
    "searches_sunset": "Zon's ondergang",
    "searches_temperature": "Temperatuur",
    "searches_title": "Titel:",
    "searches_top_3_fav_anime": "Top 3 favoriete anime:",
    "searches_translation": "Vertaling:",
    "searches_types": "Types",
    "searches_ud_error": "Fout bij het opzoeken van definitie voor die term.",
    "searches_url": "Url",
    "searches_viewers": "Kijkers",
    "searches_watching": "Kijken/Bekijken <-- ga even na welke correct is.!!!",
    "searches_wikia_error": "Mislukt met het vinden van de term op de gespecificeerde Wikia.",
    "searches_wikia_input_error": "Vul een Wikia doel in alsjeblieft, gevolgd door een zoek query.",
    "searches_wiki_page_not_found": "Pagina niet gevonden",
    "searches_wind_speed": "Wind snelheid",
    "searches_x_most_banned_champs": "De {0} meest verbannen kampioenen.",
    "searches_yodify_error": "Het yodifying van jou zin is mislukt.",
    "utiliity_joined": "Aangesloten",
    "utility_activity_line": "`{0}.` {1} [{2:F2}/s] - {3} totaal ",
    "utility_activity_page": "Activiteit pagina #{0}",
    "utility_activity_users_total": "{0} gebruikers totaal.",
    "utility_author": "Auteur",
    "utility_botid": "Bot ID",
    "utility_calcops": "Lijst van functies in {0}calc commando ",
    "utility_channelid": "{0} van dit kanaal is {1}",
    "utility_channel_topic": "Kanaal onderwerp",
    "utility_commands_ran": "Commando's uitgevoerd",
    "utility_convert": "{0} {1} is gelijk aan {2} {3}",
    "utility_convertlist": "Eenheden die gebruikt kunnen worden door de omvormer",
    "utility_convert_not_found": "Kan {0} niet naar {1} omvormen: Eenheden niet gevonden",
    "utility_convert_type_error": "Kan {0} niet naar {1} omvormen: Type eenheden zijn niet gelijk",
    "utility_created_at": "Gemaakt op",
    "utility_custom_emojis": "Speciale emojis",
    "utility_error": "Fout",
    "utility_features": "Kenmerken",
    "utility_id": "ID",
    "utility_index_out_of_range": "Index buiten bereik.",
    "utility_inrole_list": "Lijst van gebruikers met rol {0}",
    "utility_inrole_not_allowed": "Om misbruik te voorkomen ben je niet gemachtigd om dit commando te gebruiken op rollen met veel gebruikers.",
    "utility_invalid_value": "Ongeldige {0} waarde.",
    "utility_joined_discord": "Bij Discord aangesloten",
    "utility_joined_server": "Bij server aangesloten",
    "utility_listservers": "ID: {0}\nLeden: {1}\nEigenaar ID: {2}",
    "utility_listservers_none": "Geen servers gevonden op die pagina.",
    "utility_list_of_repeaters": "Lijst van de repeater",
    "utility_members": "Leden",
    "utility_memory": "Geheugen",
    "utility_messages": "Berichten",
    "utility_message_repeater": "Bericht repeater",
    "utility_name": "Naam",
    "utility_nickname": "Roepnaam",
    "utility_nobody_playing_game": "Niemand speelt dat spel.",
    "utility_no_active_repeaters": "Geen actieve herhaling",
    "utility_no_roles_on_page": "Geen rollen op deze pagina.",
    "utility_no_shards_on_page": "Geen shards op deze pagina.",
    "utility_no_topic_set": "Geen onderwerp ingesteld.",
    "utility_owner": "Eigenaar",
    "utility_owner_ids": "Eigenaar IDs",
    "utility_presence": "Aanwezigheid",
    "utility_presence_txt": "{0} Server(s)\n{1} Tekstkanalen\n{2} Spraakkanalen",
    "utility_quotes_deleted": "Verwijder alle citaten met het trefwoord {0}",
    "utility_quotes_page": "Pagina {0} met citaten",
    "utility_quotes_page_none": "Geen citaten op die pagina.",
    "utility_quotes_remove_none": "Geen verwijderbare citaten gevonden",
    "utility_quote_added": "Citaat toegevoegd",
    "utility_quote_deleted": "Citaat #{0} verwijderd.",
    "utility_region": "Regio",
    "utility_registered_on": "Geregistreerd op",
    "utility_remind": "Ik zal {0} herinneren om {1} in {2} `({3:d.M.yyyy.} op {4:HH:mm})`",
    "utility_remind_invalid_format": "Incorrecte tijd formaat. Controleer de commandolijst.",
    "utility_remind_template": "Nieuwe herinnering sjabloon.",
    "utility_repeater": "Herhalen van {0} elke {1} dagen, {2} uren en {3} minuten.",
    "utility_repeaters_list": "Lijst van repeaters",
    "utility_repeaters_none": "Geen repeaters actief op deze server.",
    "utility_repeater_stopped": "#{0} gestopt.",
    "utility_repeat_invoke_none": "Geen herhalende berichten gevonden op deze server.",
    "utility_result": "Resultaat",
    "utility_roles": "Rollen",
    "utility_roles_all_page": "Pagina #{0} van alle rollen op deze server:",
    "utility_roles_page": "Pagina #{0} van kleuren voor {1} ",
    "utility_rrc_no_colors": "Kleuren staan niet in de correcte format. Gebruik #00ff00` als voorbeeld.",
    "utility_rrc_start": "Begonnen met het routeren van kleuren voor de rol {0}",
    "utility_rrc_stop": "Gestopt met het routeren van kleuren voor de rol {0}",
    "utility_serverid": "{0} van deze server is {1}",
    "utility_server_info": "Server Informatie",
    "utility_shard": "Shard",
    "utility_shard_stats": "Shard Statestieken",
    "utility_shard_stats_txt": "Shard **#{0}** is in {1} status met {2} servers - {3} geleden",
    "utility_showemojis": "*Naam:** {0} **Link:** {1}",
    "utility_showemojis_none": "Geen speciale emojis gevonden.",
    "utility_stats_songs": "{0} tracks aan het spelen, {1} in de wachtrij",
    "utility_text_channels": "Tekst Kanalen",
    "utility_togtub_room_link": "Hier is de link naar je sessie:",
    "utility_uptime": "Uptime",
    "utility_userid": "{0} van de gebruker {1} is {2}",
    "utility_users": "Gebruikers",
    "utility_voice_channels": "Spraak Kanalen",
    "gambling_animal_race_already_in": "Je maakt al deel uit van deze race!",
    "games_current_poll_results": "Huidige poll resultaten",
    "games_no_votes_cast": "Geen stemmen ingediend.",
    "games_poll_already_running": "Poll is al actief op deze server.",
    "games_poll_created": "📃 {0} heeft een poll gecreëerd dat vraagt om uw aandacht: ",
    "games_poll_result": "`{0}.` {1} met {2} stemmen. ",
    "games_poll_voted": "{0} gestemd.",
    "games_poll_vote_private": "Stuur mij een privé bericht met het overeenkomende nummer van het antwoord.",
    "games_poll_vote_public": "Stuur een bericht hier met de overeenkomende nummer van het antwoord.",
    "games_thanks_for_voting": "Bedankt voor het stemmen, {0}",
    "games_x_votes_cast": "Totaal aantal stemmen: {0}.",
    "games_pick_pl": "Raap hun op door te typen `{0}pick`",
    "games_pick_sn": "Raap het op door te typen `{0}pick` ",
    "gambling_no_users_found": "Geen gebruiker gevonden.",
    "gambling_page": "pagina {0}",
    "administration_must_be_in_voice": "U moet zich in een spreekkanaal bevinden op deze server.",
    "administration_no_vcroles": "Er zijn geen spreekkanaal rollen.",
    "administration_user_muted_time": "{0} is **gedempt** van text en spreek chat voor {1} minuten. ",
    "administration_vcrole_added": "Gebruikers die aansluiten op {0} geluid kanaal krijgen {1} rol.",
    "administration_vcrole_removed": "Gebruiker dat aansloot {0} geluid kanaal krijgt niet langer meer een rol.",
    "administration_vc_role_list": "Spreekkanaal rollen",
    "customreactions_crad_disabled": "Bericht triggering met aangepaste reactie id {0} wordt niet automatisch gedeletet.",
    "customreactions_crad_enabled": "Bericht triggering met aangepaste reactie id {0} wordt automatisch gedeletet.",
    "customreactions_crdm_disabled": "Response-bericht van aangepaste reactie met id {0} wordt niet privé verstuurd.",
    "customreactions_crdm_enabled": "Response-bericht van aangepaste reactie met id {0} wordt verstuurd als privé bericht.",
    "utility_aliases_none": "Geen alias gevonden.",
    "utility_alias_added": "Trigger {0} heeft nu de alias {1}.",
    "utility_alias_list": "Lijst van aliassen",
    "utility_alias_removed": "Trigger {0} heeft geen alias meer.",
    "utility_alias_remove_fail": "Trigger {0} had geen alias",
    "searches_compet_playtime": "Competitieve speeltijd",
    "administration_channel": "Kanaal",
    "administration_command_text": "Tekst commando",
    "administration_kicked_pl": "Geschopt",
    "administration_moderator": "Toezichthouder",
    "administration_page": "Pagina {0}",
    "administration_reason": "Reden",
    "administration_scadd": "Nieuw startup commando toegevoegd.",
    "administration_scrm": "Startup commando succesvol toegevoegd.",
    "administration_scrm_fail": "Startup commando niet gevonden.",
    "administration_server": "Server",
    "administration_startcmdlist_none": "Geen startup commando's op deze pagina.",
    "administration_startcmds_cleared": "Verwijder alle startup commando's.",
    "administration_unbanned_user": "Gebruiker {0} is unbanned.",
    "administration_user_not_found": "Gebruiker niet gevonden.",
    "administration_user_warned": "Gebruiker {0} is gewaarschuwd.",
    "administration_user_warned_and_punished": "Gebruiker {0} is gewaarschuwd en {1} straf is toegepast.",
    "administration_warned_on": "Gewaarschuwd op {0} server",
    "administration_warned_on_by": "op {0} tussen {1} bij {2}",
    "administration_warnings_cleared": "Alle waarschuwingen zijn verwijdert van {0}.",
    "administration_warnings_none": "Geen waarschuwingen op deze pagina.",
    "administration_warnlog_for": "Waarschuwings logboek van {0}",
    "administration_warnpl_none": "Geen straffen geconfigureerd.",
    "administration_warn_cleared_by": "Verwijdert door {0}",
    "administration_warn_punish_list": "waarschuwing straffen lijst",
    "administration_warn_punish_rem": "Bij {0} waarschuwingen treed niet langer meer een straf.",
    "administration_warn_punish_set": "Ik pas {0} straf toe aan de gebruikers met {1} waarschuwingen.",
    "administration_slowmodewl_role_start": "Slowmotion modus word genegeerd voor {0} rol.",
    "administration_slowmodewl_role_stop": "Slowmotion wordt niet langer genegeerd door {0} rol.",
    "administration_slowmodewl_user_start": "Slowmotion modus wordt genegeerd door gebruiker {0}.",
    "administration_slowmodewl_user_stop": "Slowmotion modus wordt niet langer genegeerd door genegeerde gebruiker {0}.",
    "utility_clpa_fail": "Mislukt om beloningen te claimen door een van de volgende redenen:",
    "utility_clpa_fail_already": "Misschien heb je al je beloningen gekregen deze maand. Je krijgt beloningen maar een keer per maand tenzij je je ",
    "utility_clpa_fail_already_title": "Al beloond",
    "utility_clpa_fail_conn": "Jouw discord account is nog niet verbonden met Patreon. Als je onzeker bent wat dit betekend, of niet weet hoe je dit moet doen - ga dan naar [Patreon account settings page](https://patreon.com/settings/account) en click dan op 'Verbind met discord'.",
    "utility_clpa_fail_conn_title": "Discord account nog niet verbonden",
    "utility_clpa_fail_sup": "Om in aanmerking te komen voor de beloning, moet je eerst een donatie doen voor het project bij patreon. Je kunt {0} commando gebruiken om de link te krijgen.",
    "utility_clpa_fail_sup_title": "Niet ondersteund",
    "utility_clpa_fail_wait": "Je moet een aantal uren wachten na het plaatsen van je donatie, als je het nog niet hebt gedaan, probeer later dan opnieuw.",
    "utility_clpa_fail_wait_title": "Wacht nog even",
    "utility_clpa_success": "Je ontvangt {0} Hartelijk bedankt voor het steunen van het project!",
    "utility_clpa_too_early": "Beloningen kunnen worden geclaimd op of na elke 5de van de maand.",
    "searches_time": "Tijd in {0} is {1} - {2}",
    "administration_rh": "Zet de display van de guild role {0} naar {1}.",
    "gambling_name": "Naam",
    "gambling_shop": "Winkel",
    "gambling_shop_item_add": "Winkelartikel toegevoegd",
    "gambling_shop_none": "Geen winkel items gevonden op deze pagina.",
    "gambling_shop_role": "Je krijgt {0} rol.",
    "gambling_type": "Type",
    "utility_clpa_next_update": "Volgende update in {0}",
    "administration_gvc_disabled": "Game Voice kanaal-functie is uitgeschakeld op deze server.",
    "administration_gvc_enabled": "{0} is een Game Voice Kanaal nu.",
    "administration_not_in_voice": "Je zit niet in een spraak kanaal in deze server.",
    "gambling_item": "Item",
    "gambling_out_of_stock": "Niet op voorraad.",
    "gambling_random_unique_item": "Random uniek item.",
    "gambling_shop_buy_error": "Error DMing item. Je bent terugbetaald.",
    "gambling_shop_item_not_found": "Geen artikel gevonden in die index.",
    "gambling_shop_item_purchase": "Artikel succesvol gekocht.",
    "gambling_shop_item_rm": "Winkelartikel verwijderd",
    "gambling_shop_item_wrong_type": "Die winkel toegang ondersteund artikel toevoegen niet.",
    "gambling_shop_list_item_added": "Winkelartikel succesvol toegevoegd.",
    "gambling_shop_list_item_not_unique": "That artikel is al toegevoegd.",
    "gambling_shop_purchase": "Gekocht in {0} server",
    "gambling_shop_role_not_found": "Rol dat momenteel wordt verkocht bestaat niet meer.",
    "gambling_shop_role_purchase": "Je hebt succesvol gekocht {0} rol.",
    "gambling_shop_role_purchase_error": "Error toewijzen rol. Je aankoop is terugbetaald.",
    "gambling_unique_items_left": "{0} unieke artikelen over.",
    "permissions_blocked_commands": "Geblokkeerde Commando's",
    "permissions_blocked_modules": "Geblokkeerde Modules",
    "permissions_gcmd_add": "Commando {0} is uitgeschakeld op alle servers.",
    "permissions_gcmd_remove": "Commando {0} is ingeschakeld op alle servers.",
    "permissions_gmod_add": "Module {0} is uitgezet op alle servers.",
    "permissions_gmod_remove": "Module {0} is aangezet op alle servers.",
    "permissions_lgp_none": "Geen geblokkeerde commando's of modules. ",
    "gambling_animal_race_no_race": "Deze dieren race is vol!",
    "utility_cant_read_or_send": "Je kunt ontvangen en verzonden berichten niet lezen in dat kanaal.",
    "utility_quotes_notfound": "Geen quotes gevonden met vergelijkbare quote ID.",
    "administration_prefix_current": "De Prefix op deze server is {0}",
    "administration_prefix_new": "De prefix op deze server is aangepast van {0} naar {1}",
    "administration_defprefix_current": "De default bot prefix is {0}",
    "administration_defprefix_new": "Default bot prefix is aangepast van {0} naar {1}",
    "administration_bot_nick": "De bijnaam van de bot is veranderd naar {0}",
    "administration_user_nick": "Bijnaam van de gebruiker {0} is veranderd naar {1}",
    "administration_timezone_guild": "Tijdzone van deze guild is `{0}`",
    "administration_timezone_not_found": "Tijdzone niet gevonden. Gebruik \"tijdzones\"commando om de lijst te zien van alle tijdzones.",
    "administration_timezones_available": "Beschikbare Tijdzones",
    "music_song_not_found": "Liedje niet gevonden.",
    "searches_define_unknown": "Kan de definitie van die term niet vinden.",
    "utility_repeater_initial": "Initiële herhalend bericht wordt verstuurd in {0}uur en {1}min.",
    "utility_verbose_errors_enabled": "Incorrecte gebruikte commando's laten nu errors zien.",
    "utility_verbose_errors_disabled": "Incorrecte gebruikte commando's laten nu geen errors meer zien.",
    "permissions_perms_reset": "Permissies voor deze server zijn gereset.",
    "permissions_trigger": "Permissie nummer #{0} {1} voorkomt deze actie.",
    "administration_migration_error": "Error tijdens migreren, controleer de bot console voor meer informatie.",
    "searches_hex_invalid": "Invalide kleur gespecificeerd.",
    "permissions_global_perms_reset": "Globale permissies zijn gerest.",
    "help_module": "Module: {0}",
    "games_hangman_stopped": "Galgje game gestopt.",
    "music_autoplaying": "Automatisch-afspelen.",
    "music_queue_stopped": "Afspeler is gestopt. Hervat the afspeler door {0} commando.",
    "music_removed_song_error": "Liedje op die index bestaat niet",
    "music_shuffling_playlist": "Shuffling liedjes",
    "music_songs_shuffle_enable": "Liedjes worden vanaf nu geshuffeld.",
    "music_songs_shuffle_disable": "Liedjes worden niet langer meer geshuffeld.",
    "music_song_skips_after": "Liedjes worden overgeslagen na {0}",
    "administration_warnings_list": "Lijst van alle gewaarschuwde gebruikers op deze server",
    "customreactions_redacted_too_long": "Redacted omdat het te lang is.",
    "nsfw_blacklisted_tag_list": "De zwarte lijst van tags:",
    "nsfw_blacklisted_tag": "Een of meerder tags die je hebt gebruikt staan op de zwarte lijst.",
    "nsfw_blacklisted_tag_add": "Nsfw tag {0} is nu op de zwarte lijst.",
    "nsfw_blacklisted_tag_remove": "Nsfw tag {0} is niet langer meer op de zwarte lijst.",
    "gambling_waifu_gift": "Cadeau {0} gegeven aan {1}",
    "gambling_waifu_gift_shop": "Waifu cadeauwinkel",
    "gambling_gifts": "Cadeaus",
    "games_connect4_created": "Connect4-spel gecreëerd. Wachten op een speler om mee te doen.",
    "games_connect4_player_to_move": "Speler om te verplaatsen: {0}",
    "games_connect4_failed_to_start": "Connect4-spel kan niet starten omdat niemand anders deelnam.",
    "games_connect4_draw": "Connect4-spel is geëindigd in gelijkspel.",
    "games_connect4_won": "{0} won het spel Connect4 tegen {1}.",
    "games_nunchi_joined": "Aangesloten bij het nunchi spel. {0} gebruikers zijn tot nu toe aangesloten.",
    "games_nunchi_ended": "Nunchi spel geëindigd. {0} heeft gewonnen",
    "games_nunchi_ended_no_winner": "Nunchi spel geëindigd zonder winnaar.",
    "games_nunchi_started": "Nunchi spel begonnen met {0} deelnemers.",
    "games_nunchi_round_ended": "Nunchi ronde is geëindigd. {0} is uit het spel.",
    "games_nunchi_round_ended_boot": "Nunchi ronde is afgelopen wegens een time-out van sommige gebruikers. Deze gebruikers zijn nog steeds in het spel: {0}",
    "games_nunchi_round_started": "Nunchi ronde begonnen met {0} gebruikers. Begint met het nummer {1} te tellen.",
    "games_nunchi_next_number": "Nummer geregistreerd. Laatste nummer was {0}.",
    "games_nunchi_failed_to_start": "Nunchi kon niet starten omdat er niet genoeg deelnemers waren.",
    "games_nunchi_created": "Nunchi spel is aangemaakt. Wachten op gebruikers om mee te spelen.",
    "music_sad_enabled": "Liedjes worden verwijderd uit de muziekwachtrij wanneer ze afgelopen zijn.",
    "music_sad_disabled": "Liedjes worden niet langer meer uit de muziekwachtrij verwijderd wanneer ze klaar zijn met afspelen.",
    "utility_stream_role_enabled": "Wanneer een gebruiker van {0} rol begint te streaming, zal ik ze {1} rol geven.",
    "utility_stream_role_disabled": "Stream rol functie is nu uitgeschakeld.",
    "utility_stream_role_kw_set": "Streamers moeten nu {0} zoekwoord gebruiken om de rol te kunnen ontvangen.",
    "utility_stream_role_kw_reset": "Stream rol zoekwoord gereset.",
    "utility_stream_role_bl_add": "Gebruiker {0} ontvangt nooit de stream rol.",
    "utility_stream_role_bl_add_fail": "Gebruiker {0} staat al op de zwarte lijst.",
    "utility_stream_role_bl_rem": "Gebruiker {0} staat niet langer meer op de zwarte lijst.",
    "utility_stream_role_bl_rem_fail": "Gebruiker {0} staat niet op de zwarte lijst.",
    "utility_stream_role_wl_add": "Gebruiker {0} ontvangt de streamingrol, zelfs als ze het zoekwoord niet hebben in de streamtitel.",
    "utility_stream_role_wl_add_fail": "Gebruiker {0} staat al op de witte lijst.",
    "utility_stream_role_wl_rem": "Gebruiker {0} staat niet langer meer op de witte lijst.",
    "utility_stream_role_wl_rem_fail": "Gebruiker {0} staat niet op de witte lijst.",
    "utility_bot_config_edit_fail": "Mislukt bij het instellen van {0} naar de waarde {1}",
    "utility_bot_config_edit_success": "De waarde van {0} is ingesteld op {1}",
    "customreactions_crca_disabled": "Aangepaste reactie met id {0} zal niet langer worden geactiveerd, tenzij het triggerwoord in het begin van een zin staat.",
    "customreactions_crca_enabled": "Aangepaste reactie met id {0} wordt nu geactiveerd als het ergens in de zin voorkomt.",
    "xp_server_level": "Server niveau",
    "xp_level": "Niveau",
    "xp_club": "Vereniging",
    "xp_xp": "Ervaring",
    "xp_excluded": "{0} is uitgesloten van het XP-systeem op deze server.",
    "xp_not_excluded": "{0} is niet meer uitgesloten van het XP-systeem op deze server.",
    "xp_exclusion_list": "Uitsluitingslijst",
    "xp_server_is_excluded": "Deze server is uitgesloten.",
    "xp_server_is_not_excluded": "Deze server is niet uitgesloten.",
    "xp_excluded_roles": "Uitgesloten Rollen",
    "xp_excluded_channels": "Uitgesloten Kanalen",
    "xp_level_up_channel": "Gefeliciteerd {0}, Je hebt niveau {1} bereikt!",
    "xp_level_up_dm": "Gefeliciteerd {0}, je hebt niveau {1} bereikt op {2} server!",
    "xp_level_up_global": "Gefeliciteerd {0}, je hebt globale niveau {1} bereikt!",
    "xp_role_reward_cleared": "Niveau {0} wordt niet langer meer beloond met een rol.",
    "xp_role_reward_added": "Gebruikers die niveau {0} bereiken, krijgen de rol {1}.",
    "xp_role_rewards": "Rolbeloningen",
    "xp_level_x": "Niveau {0}",
    "xp_no_role_rewards": "Geen rolbeloning op deze pagina.",
    "xp_server_leaderboard": "Server XP Scorebord",
    "xp_global_leaderboard": "Global XP Scorebord",
    "xp_modified": "Aangepaste server XP van de gebruiker {0} met {1}",
    "xp_club_create_error": "Mislukt bij het maken van een club. Zorg ervoor dat je boven level 5 bent en niet al lid bent van een club.",
    "xp_club_created": "Club {0} succesvol gemaakt!",
    "xp_club_not_exists": "Die club bestaat niet.",
    "xp_club_applied": "Je hebt je aangemeld om lid te worden bij {0} club.",
    "xp_club_apply_error": "Fout bij aanmelden. Je bent al lid van de club of je voldoet niet aan het minimumniveau, of je bent bij deze club verbannen.",
    "xp_club_accepted": "Gebruiker geaccepteerde bij {0} club.",
    "xp_club_accept_error": "Gebruiker niet gevonden",
    "xp_club_left": "Je hebt de club verlaten.",
    "xp_club_not_in_club": "Je bent niet in een club, of je probeert de club te verlaten waar je de eigenaar van bent.",
    "xp_club_user_kick": "Gebruiker {0} gekicked van {1} club.",
    "xp_club_user_kick_fail": "Fout bij kicken. Je bent ook niet de club eigenaar, of die gebruiker zit niet in je club.",
    "xp_club_user_banned": "Gebruiker {0} van {1} club verbannen.",
    "xp_club_user_ban_fail": "Kan niet verbannen. Je bent ook niet de eigenaar van de club, of die gebruiker zit niet in jouw club of heeft nog niet gesolliciteerd.",
    "xp_club_user_unbanned": "Gebruiker {0} van {1} club verbanning opgeheven.",
    "xp_club_user_unban_fail": "Mislukt om verbanning op te heffen. Je bent niet de eigenaar van de club, of die gebruiker zit niet in jouw club, of heeft nog niet gesolliciteerd.",
    "xp_club_level_req_changed": "Veranderd clubvereisten naar {0}",
    "xp_club_level_req_change_error": "Vereiste niveau veranderen mislukt",
    "xp_club_disbanded": "Club {0} is ontbonden",
    "xp_club_disband_error": "Fout. Je bent niet in een club, of je bent niet de eigenaar van jouw club.",
    "xp_club_icon_error": "Niet een geldige image url of je bent niet de eigenaar van de club.",
    "xp_club_icon_set": "Nieuwe club icon set.",
    "xp_club_bans_for": "Verbanne van {0} club",
    "xp_club_apps_for": "Aanvragers voor {0} club",
    "xp_club_leaderboard": "Club scorebord - pagina {0}"
}