{
    "customreactions_all_stats_cleared": "Statistika všech vlastních reakcí byla vyčištěna.",
    "customreactions_deleted": "Vlastní reakce smazána",
    "customreactions_insuff_perms": "Nedostatečná oprávnění. Potřebuješ vlastnictví bota pro globální vlastní reakce a oprávnění Administrátor pro vlastní reakce na svém serveru.",
    "customreactions_list_all": "Seznam všech vlastních reakcí",
    "customreactions_name": "Vlastní reakce",
    "customreactions_new_cust_react": "Nová vlastní reakce",
    "customreactions_no_found": "Žádná vlastní reakce nebyla nalezena.",
    "customreactions_no_found_id": "Žádná vlastní reakce s tímto ID nebyla nalezena.",
    "customreactions_response": "Odpověď",
    "customreactions_stats": "Statistika vlastních reakcí",
    "customreactions_stats_cleared": "Statistika vyčištěna pro vlastní reakci {0}.",
    "customreactions_stats_not_found": "Žádná statistika pro tento spouštěč, žádná akce nebyla provedena.",
    "customreactions_trigger": "Spouštěč",
    "nsfw_autohentai_stopped": "Autohentai se zastavilo.",
    "nsfw_not_found": "Nenalezeny žádné výsledky.",
    "pokemon_already_fainted": "{0} už omdlel(a).",
    "pokemon_already_full": "{0} už má plné HP.",
    "pokemon_already_that_type": "Tvůj typ už je {0}",
    "pokemon_attack": "použití {0}{1} na {2}{3} způsobilo škodu za {4}",
    "pokemon_cant_attack_again": "Nemůžeš zaútočit bez odplaty.",
    "pokemon_cant_attack_yourself": "Nemůžeš zaútočit na sebe.",
    "pokemon_fainted": "{0} omdlel(a)!",
    "pokemon_healed": "{0} vyléčený jedním {1}",
    "pokemon_hp_remaining": "{0} zbývá {1} HP",
    "pokemon_invalid_move": "Nemůžeš použít {0}. Napiš `{1}ml`pro seznam útoků, které můžeš použít.",
    "pokemon_moves": "Seznam útoků pro typ {0}",
    "pokemon_not_effective": "To není moc účinné.",
    "pokemon_no_currency": "Nemáš dost {0}",
    "pokemon_revive_other": "{0} oživen jedním {1}",
    "pokemon_revive_yourself": "Oživil(a) ses pomocí jednoho {0}",
    "pokemon_settype_success": "Tvůj typ byl změněn na {0} na {1}",
    "pokemon_somewhat_effective": "Trochu účinné to je.",
    "pokemon_super_effective": "Je to super-účinné!",
    "pokemon_too_many_moves": "Po tolika útocích v řadě se teď nemůžeš hýbat!",
    "pokemon_type_of_user": "{0} má typ {1}",
    "pokemon_user_not_found": "Uživatel nenalezen.",
    "pokemon_you_fainted": "Omdlel(a) jsi, takže se teď nemůžeš hýbat!",
    "administration_aar_disabled": "**Automatické přiřazení role** uživateli při připojení **vypnuto**.",
    "administration_aar_enabled": "**Automatické přiřazení role** uživateli při připojení **zapnuto**.",
    "administration_attachments": "Přílohy",
    "administration_avatar_changed": "Profilový obrázek byl změněn",
    "administration_bandm": "Byl jsi zablokován na serveru {0}.\nDůvod: {1}",
    "administration_banned_pl": "zablokováni",
    "administration_banned_user": "Uživatel zablokován",
    "administration_bot_name": "Jméno bota bylo změněno na {0}",
    "administration_bot_status": "Status bota byl změněn na {0}",
    "administration_byedel_off": "Automatické mazání odchodových zpráv bylo vypnuto.",
    "administration_byedel_on": "Odchodové zprávy budou smazány po {0} sekundách.",
    "administration_byemsg_cur": "Současná odchodová zpráva: {0}",
    "administration_byemsg_enable": "Zapni odchodové zprávy pomocí {0}",
    "administration_byemsg_new": "Nová odchodová zpráva nastavena.",
    "administration_bye_off": "Odchodové oznámení zakázáno.",
    "administration_bye_on": "Odchodové oznámení povoleno na tomto kanálu.",
    "administration_ch_name_change": "Název kanálu změněn",
    "administration_ch_old_name": "Staré jméno",
    "administration_ch_topic_change": "Téma kanálu změněno",
    "administration_cleaned_up": "Vyčištěno.",
    "administration_content": "Obsah",
    "administration_cr": "Role {0} byla úspěšně vytvořena",
    "administration_createtextchan": "Textový kanál {0} byl vytvořen.",
    "administration_createvoich": "Hlasový kanál {0} byl vytvořen.",
    "administration_deafen": "Úspěšně ohlušen.",
    "administration_deleted_server": "Server {0} byl vymazán.",
    "administration_delmsg_off": "Nyní je zakázáno automatické mazání úspěšných příkazových invokací.",
    "administration_delmsg_on": "Nyní je povoleno automatické mazání úspěšných příkazových invokací.",
    "administration_deltextchan": "Textový kanál {0} smazán.",
    "administration_delvoich": "Hlasový kanál {0} smazán.",
    "administration_dm_from": "Soukromá zpráva od",
    "administration_donadd": "Úspěšně přidán nový dárce. Celkem už přispěl: {0} 👑",
    "administration_donators": "Díky dále vypsaným lidem za to, že umožnili uskutečnění tohoto projektu!",
    "administration_fwall_start": "Budu posílat soukromé zprávy všem vlastníkům.",
    "administration_fwall_stop": "Budu posílat soukromé zprávy pouze prvnímu vlastníku.",
    "administration_fwdm_start": "Budu odteď posílat soukromé zprávy.",
    "administration_fwdm_stop": "Nebudu již posílat soukromé zprávy.",
    "administration_greetdel_off": "Automatické mazání uvítacích zpráv bylo vypnuto.",
    "administration_greetdel_on": "Uvítací zprávy budou smazány za {0} sekund.",
    "administration_greetdmmsg_cur": "Současná uvítací soukromá zpráva: {0}",
    "administration_greetdmmsg_enable": "Zapni uvítací soukromé zprávy pomocí {0}",
    "administration_greetdmmsg_new": "Nová soukromá uvítací zpráva byla nastavena.",
    "administration_greetdm_off": "Soukromá uvítací oznámení byla vypnuta.",
    "administration_greetdm_on": "Soukromá uvítací oznámení byla zapnuta.",
    "administration_greetmsg_cur": "Současná uvítací zpráva: {0}",
    "administration_greetmsg_enable": "Aktivuj uvítací zprávy pomocí {0}",
    "administration_greetmsg_new": "Nová uvítací zpráva nastavena.",
    "administration_greet_off": "Vítací oznámení zakázána.",
    "administration_greet_on": "Na tomto kanále byla povolena vítací oznámení.",
    "administration_hierarchy": "Nemůžeš použít tento příkaz na uživatele, jehož role je vyšší nebo rovna tvé.",
    "administration_images_loaded": "Obrázky se načetly za {0} sekund!",
    "administration_invalid_format": "Neplatný vstupní formát.",
    "administration_invalid_params": "Neplatné parametry.",
    "administration_joined": "{0} se připojil do {1}",
    "administration_kickdm": "Byl jsi vyhozen ze serveru {0} .\nDůvod: {1}",
    "administration_kicked_user": "Uživatel byl vyhozen",
    "administration_lang_list": "Seznam jazyků",
    "administration_lang_set": "Jazyk tvého serveru je nyní {0} - {1}",
    "administration_lang_set_bot": "Jazyk bota je nyní {0} - {1}",
    "administration_lang_set_bot_show": "Jazyk bota je nastaven na {0} - {1}",
    "administration_lang_set_fail": "Nepodařilo se nastavit jazyk. Zkontroluj pomocnou dokumentaci tohoto příkazu.",
    "administration_lang_set_show": "Jazyk serveru je nastaven na {0} - {1}",
    "administration_left": "{0} opustil {1}",
    "administration_left_server": "Server {0} opuštěn",
    "administration_log": "Logování události {0} v tomto kanále.",
    "administration_log_all": "Logování všech událostí v tomto kanále.",
    "administration_log_disabled": "Logování zakázáno.",
    "administration_log_events": "Zaznamenej události, které můžeš odebírat:",
    "administration_log_ignore": "Logování bude ignorovat {0}",
    "administration_log_not_ignore": "Logování nebude ignorovat {0}",
    "administration_log_stop": "Zastaveno logování události {0}.",
    "administration_menrole": "{0} vyvolal zmínku u následujících rolí",
    "administration_message_from_bo": "Zpráva od {0} `[Vlastník bota]`:",
    "administration_message_sent": "Zpráva odeslána.",
    "administration_moved": "{0} se přesunul z {1} do {2}",
    "administration_msg_del": "Zpráva smazána v #{0}",
    "administration_msg_update": "Zpráva upravena v #{0}",
    "administration_muted_pl": "ztlumeni",
    "administration_muted_sn": "ztlumen",
    "administration_mute_error": "Pravděpodobně pro tuto akci nemám potřebné oprávnění.",
    "administration_mute_role_set": "Nová ztlumená role nastavena.",
    "administration_need_admin": "Potřebuji oprávnění **Administrátor**, abych mohl provést tuto akci.",
    "administration_new_msg": "Nová zpráva",
    "administration_new_nick": "Nová přezdívka",
    "administration_new_topic": "Nové téma",
    "administration_nick_change": "Přezdívka změněna",
    "administration_no_server": "Nemohu najít tento server",
    "administration_no_shard_id": "Žádný shard s tímto ID nebyl nalezen.",
    "administration_old_msg": "Stará zpráva",
    "administration_old_nick": "Stará přezdívka",
    "administration_old_topic": "Staré téma",
    "administration_perms": "Chyba. Pravděpodobně nemám potřebná oprávnění.",
    "administration_prot_active": "Aktivní ochrany",
    "administration_prot_disable": "{0} byl **vypnut** na tomto serveru.",
    "administration_prot_enable": "{0} Zapnut",
    "administration_prot_error": "Chyba. Potřebuji oprávnění Spravovat role.",
    "administration_prot_none": "Žádná ochrana není nastavena.",
    "administration_raid_cnt": "Mezní práh uživatelů musí být mezi {0} a {1}.",
    "administration_raid_stats": "Pokud se {0} nebo více uživatelů připojí do {1} sekund, budou {2}.",
    "administration_raid_time": "Čas musí být mezi {0} a {1} sekundami.",
    "administration_rar": "Úspěšné odstranění všech rolí uživatele {0}",
    "administration_rar_err": "Nepodařilo se smazat role. Nemám potřebná oprávnění.",
    "administration_rc": "Barva role {0} byla změněna.",
    "administration_rc_not_exist": "Tato role neexistuje.",
    "administration_rc_params": "Zadané parametry jsou neplatné.",
    "administration_rc_perms": "Vyskytla se chyba kvůli neplatné barvě nebo nedostatečným oprávněním.",
    "administration_remrole": "Úspěšné odstranění role {0} z uživatele {1}",
    "administration_remrole_err": "Nepodařilo se odstranit roli. Nemám potřebná práva.",
    "administration_renrole": "Role přejmenována.",
    "administration_renrole_err": "Nepodařilo se přejmenovat roli. Nemám potřebná oprávnění.",
    "administration_renrole_perms": "Nemůžeš upravovat role, které jsou výše postavené než ty.",
    "administration_reprm": "Odstraněna opakující se zpráva: {0}",
    "administration_role_added": "Role {0} byla přidána na seznam.",
    "administration_role_clean": "{0} nebyla nalezena. Vyčištěno.",
    "administration_role_in_list": "Role {0} už je na seznamu.",
    "administration_ropl_added": "Přidán.",
    "administration_ropl_disabled": "Rotující herní status byl zakázán.",
    "administration_ropl_enabled": "Rotující herní status byl povolen.",
    "administration_ropl_list": "Seznam rotujících statusů:\n{0}",
    "administration_ropl_not_set": "Nejsou nastaveny žádné rotující herní stavy.",
    "administration_self_assign_already": "Už máš roli {0}.",
    "administration_self_assign_already_excl": "Již máš exkluzivní roli {0}, kterou můžeš přiřadit sám sobě.",
    "administration_self_assign_excl": "Role, které si můžeš přidat sám sobě, nyní jsou exkluzivní.",
    "administration_self_assign_list": "Je tu {0} rolí,které můžeš přiřadit sám sobě.",
    "administration_self_assign_not": "Tuto roli si nemůže nikdo dát sám sobě.",
    "administration_self_assign_not_have": "Nemáš roli {0}.",
    "administration_self_assign_no_excl": "Role, které si můžeš přidat sám sobě, nyní nejsou exkluzivní.",
    "administration_self_assign_perms": "Nemohu ti přidat tuto roli. `Nemohu bohužel přidat role vlastníkům serveru nebo rolím, které jsou v hiearchii serveru výše než je moje role`",
    "administration_self_assign_rem": "Role {0} byla odstraněna ze seznamu rolí, které si lze dát sám sobě.",
    "administration_self_assign_remove": "Již nemáš roli {0}.",
    "administration_self_assign_success": "Nyní máš roli {0}.",
    "administration_setrole": "Úspěšně přidána role {0} uživateli {1}",
    "administration_setrole_err": "Nepodařilo se přidat roli. Nemám potřebná oprávnění.",
    "administration_set_avatar": "Nový profilový obrázek nastaven!",
    "administration_set_channel_name": "Nové jméno kanálu nastaveno.",
    "administration_set_game": "Nová hra nastavena!",
    "administration_set_stream": "Nový stream nastaven!",
    "administration_set_topic": "Nové téma kanálu nastaveno.",
    "administration_shard_reconnected": "Shard {0} se znovupřipojil.",
    "administration_shard_reconnecting": "Shard {0} se znovupřipojuje.",
    "administration_shutting_down": "Vypínání",
    "administration_slowmode_desc": "Uživatelé nemohou posílat více než {0} zpráv každých {1} sekund",
    "administration_slowmode_disabled": "Pomalý režim byl vypnut.",
    "administration_slowmode_init": "Pomalý režim byl zapnut.",
    "administration_soft_banned_pl": "omezeni",
    "administration_spam_ignore": "{0} bude ignorovat tento kanál.",
    "administration_spam_not_ignore": "{0} nebude nadále ignorovat tento kanál.",
    "administration_spam_stats": "Pokud uživatel pošle {0} stejných zpráv po sobě, jeho trestem bude: {1}.\n__Ignorované kanály__: {2}",
    "administration_text_chan_created": "Textový kanál vytvořen.",
    "administration_text_chan_destroyed": "Textový kanál vymazán.",
    "administration_undeafen": "Úspěšné zapnutí mikrofonu.",
    "administration_unmuted_sn": "Není ztlumen",
    "administration_username": "Uživatelské jméno",
    "administration_username_changed": "Uživatelské jméno změněno",
    "administration_users": "Uživatelé",
    "administration_user_banned": "Uživatel zablokován",
    "administration_user_chat_mute": "{0} teď **nemůže psát** v chatu.",
    "administration_user_chat_unmute": "{0} již **může psát** v chatu.",
    "administration_user_joined": "Uživatel se připojil",
    "administration_user_left": "Uživatel se odpojil",
    "administration_user_muted": "{0} byl **ztlumen** v hlasových a textových kanálech.",
    "administration_user_role_add": "Uživatelská role byla přidána",
    "administration_user_role_rem": "Uživatelská role byla odebrána",
    "administration_user_status_change": "{0} je teď {1}",
    "administration_user_unmuted": "{0} již **není ztlumen** ani na textovém, ani na hlasovém kanále.",
    "administration_user_vjoined": "{0} se připojil do hlasového kanálu {1}.",
    "administration_user_vleft": "{0} opustil hlasový kanál {1}.",
    "administration_user_vmoved": "{0} se přesunul z hlasového kanálu {1} do kanálu {2}.",
    "administration_user_voice_mute": "{0} byl **ztlumen** na hlasových kanálech.",
    "administration_user_voice_unmute": "{0} již **není ztlumen** na hlasových kanálech.",
    "administration_voice_chan_created": "Hlasový kanál vytvořen",
    "administration_voice_chan_destroyed": "Hlasový kanál smazán",
    "administration_vt_disabled": "Vypnutá hlasová + textová funkce",
    "administration_vt_enabled": "Zapnutá hlasová + textová funkce",
    "administration_vt_exit": "Nemám oprávnění **Spravovat role a **Spravovat kanály**, a tak nemohu používat `hlas+text` na serveru {0}.",
    "administration_vt_no_admin": "Vypínáš/zapínáš tuto funkci a **Já nemám oprávnění ADMINISTRÁTOR**. To může způsobit problémy a bude třeba ručně vyčistit textové kanály. ",
    "administration_vt_perms": "Potřebuji alespoň oprávnění ** Spravovat role** a **Spravovat kanály** k zapnutí této funkce. (oprávnění administrátora je ale preferované)",
    "administration_xmuted_text": "Uživatel {0} z textového kanálu",
    "administration_xmuted_text_and_voice": "Uživatel {0} z textového a hlasového kanálu",
    "administration_xmuted_voice": "Uživatel {0} z hlasového kanálu",
    "administration_sbdm": "Byl jsi omezen na serveru {0}.\nDůvod: {1}",
    "administration_user_unbanned": "Uživatel odblokován",
    "administration_migration_done": "Migrace hotová!",
    "administration_presence_updates": "Současné aktualizace",
    "administration_sb_user": "Uživatel omezen",
    "gambling_awarded": "odměnil uživatele {0} {1}",
    "gambling_better_luck": "Hodně štěstí příště ^_^",
    "gambling_br_win": "Gratulace! Vyhrál jsi {0} díky hození většího čísla než {1}",
    "gambling_deck_reshuffled": "Balíček zamíchán.",
    "gambling_flipped": "hodil {0}",
    "gambling_flip_guess": "Uhodl jsi to! Vyhrál jsi {0}",
    "gambling_flip_invalid": "Neplatné specifikované číslo. Můžeš hodit 1 až {0} mincí.",
    "gambling_flowerreaction_desc": "Přidej reakci {0} k této zprávě, abys získal {1}.",
    "gambling_flowerreaction_footer": "Tato událost bude aktivní až {0} hodin(u).",
    "gambling_flowerreaction_title": "Začala událost květinových reakcí",
    "gambling_gifted": "daroval {0} uživateli {1}",
    "gambling_has": "{0} má {1}",
    "gambling_heads": "Panna",
    "gambling_leaderboard": "Žebříček",
    "gambling_mass_award": "{1} uživatelů z role {2} dostalo {0}.",
    "gambling_max_bet_limit": "Nemůžeš si vsadit více než {0}",
    "gambling_min_bet_limit": "Nemůžeš si vsadit méně než {0}",
    "gambling_not_enough": "Nemáš dostatek {0}",
    "gambling_no_more_cards": "Žádné karty v balíčku.",
    "gambling_raffled_user": "Vylosovaný uživatel",
    "gambling_roll": "Hodil jsi {0}.",
    "gambling_slot_bet": "Sázka",
    "gambling_slot_jackpot": "WOAAHHHHHH!!! Gratuluji!!! x{0}",
    "gambling_slot_single": "Jediný {0}, x{1}",
    "gambling_slot_three": "Wow! Ty jseš ale klikař! Tři jednoho druhu! x{0}",
    "gambling_slot_two": "Dobrá práce! Dvě/a {0} - sázka x{1}",
    "gambling_slot_won": "Vyhrál",
    "gambling_sneakygamestatus_desc": "Uživatelé musí napsat skrytý kód, aby dostali {0}. To trvá {1} sekund. Nikomu to neříkej. Ššššš.",
    "gambling_sneakygamestatus_end": "Událost SneakyGame skončila. {0} uživatelů dostalo odměnu.",
    "gambling_sneakygamestatus_title": "Událost SneakyGame začala",
    "gambling_tails": "Orel",
    "gambling_take": "úspěšně sebral {0} od {1}",
    "gambling_take_fail": "nepodařilo se sebrat {0} od {1}, protože uživatel nemá dostatek {2}!",
    "help_back_to_toc": "Zpátky k ToC",
    "help_bot_owner_only": "Pouze majitel bota",
    "help_channel_permission": "Potřebné kanálové povolení {0}.",
    "help_cmdlist_donate": "Můžeš podpořit tento projekt na Patreonu: <{0}> nebo Paypalu: <{1}>",
    "help_cmd_and_alias": "Příkazy a aliasy",
    "help_commandlist_regen": "Seznam příkazů znovunačten.",
    "help_commands_instr": "Napiš  `{0}h Jméno příkazu`, abys viděl pomoc pro daný příkaz. např. `{0}h >8ball`",
    "help_command_not_found": "Nemohu najít tento příkaz. Ujisti se prosím, zda tento příkaz opravdu existuje, a poté ho zkus znovu.",
    "help_desc": "Popis",
    "help_donate": "Můžeš podpořit projekt NadekoBot na\nPatreonu <{0}> nebo\nPaypalu <{1}>\nNezapomeň ve zprávě zanechat své discord jméno nebo ID.\n\n**Děkuji ** ♥️",
    "help_guide": "**Seznam příkazů**: <{0}>\n**Návody a dokumentaci můžeš nalézt zde**: <{1}>",
    "help_list_of_commands": "Seznam příkazů",
    "help_list_of_modules": "Seznam modulů",
    "help_modules_footer": "Napiš `{0}cmds Jméno modulu`, abys získal seznam příkazů v daném modulu. např. `{0}cmds games`",
    "help_module_not_found": "Tento modul neexistuje.",
    "help_server_permission": "Toto potřebuje serverové povolení {0}.",
    "help_table_of_contents": "Obsah",
    "help_usage": "Užívání",
    "nsfw_autohentai_started": "Autohentai začalo. Posílání se opakuje každých {0}s s jedním z následujících tagů:\n{1}",
    "nsfw_tag": "Tag",
    "gambling_animal_race": "Závod zvířat",
    "gambling_animal_race_failed": "Nepodařilo se zahájit závod z důvodu nedostatku účastníků.",
    "gambling_animal_race_full": "Závod je plný! Začínáme za chvíli.",
    "gambling_animal_race_join": "{0} se zapojil jako {1}",
    "gambling_animal_race_join_bet": "{0} se zapojil jako {1} a vsadil si {2}!",
    "gambling_animal_race_join_instr": "Napiš {0}jr k přihlášení se do závodu.",
    "gambling_animal_race_starting": "Začínáme za 20 sekund nebo když se naplní místa.",
    "gambling_animal_race_starting_with_x": "Začíname s {0} účastníky.",
    "gambling_animal_race_won": "{0} jako {1} vyhrál závod!",
    "gambling_animal_race_won_money": "{0} jako {1} vyhrál závod a {2}!",
    "gambling_dice_invalid_number": "Neplatné zadané číslo. Můžeš najednou hodit {0}-{1} kostky.",
    "gambling_dice_rolled": "hodil {0}",
    "gambling_dice_rolled_num": "Kostky hozeny: {0}",
    "gambling_race_failed_starting": "Nepovedlo se zahájit závod. Jiný závod pravděpodobně právě probíhá.",
    "gambling_race_not_exist": "Na tomto serveru neexistuje žádný závod",
    "gambling_second_larger_than_first": "Druhé číslo musí být větší než to první.",
    "gambling_changes_of_heart": "Změny srdce",
    "gambling_claimed_by": "Získáno uživatelem",
    "gambling_divorces": "Rozvody",
    "gambling_likes": "Má ráda:",
    "gambling_price": "Cena",
    "gambling_waifus_none": "Nikdo ještě nezískal žádnou waifu.",
    "gambling_waifus_top_waifus": "Nejlepší Waifus",
    "gambling_waifu_affinity_already": "tvoje náklonnost se už soustředí na tuto waifu nebo se snažíš odstranit náklonnost, kterou nemáš.",
    "gambling_waifu_affinity_changed": "změnil(a) svou náklonnost k {0} na {1}.\n\n*Tvoje morálka je velmi sporná *🤔",
    "gambling_waifu_affinity_cooldown": "Musíš počkat {0} hodin(u) a {1} minut(u), abys mohl znovu změnit svou náklonnost.",
    "gambling_waifu_affinity_reset": "Tvoje náklonnost se resetovala. Již nemáš rád nikoho.",
    "gambling_waifu_affinity_set": "chce být waifu pro {0}. Aww <3",
    "gambling_waifu_claimed": "získal {0} jako svou waifu za {1}!",
    "gambling_waifu_divorced_like": "Rozvedl ses s waifu, která tě má ráda. Bezcitné monstrum! {0} dostal(a) {1} jako kompenzaci.",
    "gambling_waifu_egomaniac": "nemůžeš nastavit náklonnost sám k sobě. Egomaniaku.",
    "gambling_waifu_fulfilled": "🎉 Jejich láska je naplněna! 🎉\nNová hodnota waifu {0} je {1}!",
    "gambling_waifu_isnt_cheap": "Žádná waifu není tak levná. Musíš zaplatit alespoň {0}, abys získal waifu, i v případě, že její skutečná hodnota je menší.",
    "gambling_waifu_not_enough": "Musíš zaplatit {0}, abys získal tuto waifu.",
    "gambling_waifu_not_yours": "Tahle waifu ti nepatří.",
    "gambling_waifu_not_yourself": "Nemůžeš získat sám sebe.",
    "gambling_waifu_recent_divorce": "Nedávno ses rozvedl. Musíš počkat {0} hodin a {1} minut, abys ses mohl znovu rozvést.",
    "gambling_nobody": "Nikdo",
    "gambling_waifu_divorced_notlike": "Rozvedl ses s waifu, která tě stejně neměla ráda. Dostal jsi {0} zpátky.",
    "games_8ball": "8ball",
    "games_acrophobia": "Akrofobie",
    "games_acro_ended_no_sub": "Hra skončila bez návrhů.",
    "games_acro_no_votes_cast": "Žádné hlasy. Hra nemá vítěze.",
    "games_acro_nym_was": "Akronym byl {0}.",
    "games_acro_running": "Hra Akrofobie již na tomto kanálu probíhá.",
    "games_acro_started": "Hra začala. Vytvoř větu s tímto akronymem: {0}.",
    "games_acro_started_footer": "Máš {0} sekund k vymyšlení návrhu.",
    "games_acro_submit": "{0} navrhnul větu.({1} celkem)",
    "games_acro_vote": "Napiš číslo návrhu a dej mu hlas",
    "games_acro_vote_cast": "{0} hlasoval!",
    "games_acro_winner": "Vítězem je {0} s {1} body.",
    "games_acro_winner_only": "{0} je vítěz díky tomu, že jako jediný podal návrh!",
    "games_question": "Otázka",
    "games_rps_draw": "Remíza! Oba si vybrali {0}",
    "games_rps_win": "{0} vyhrál! {1} ničí {2}",
    "games_submissions_closed": "Návrhy uzavřeny",
    "gambling_animal_race_already_started": "Závod zvířat již probíhá,",
    "gambling_total_average": "Celkem: {0} Průměr: {1}",
    "games_category": "Kategorie",
    "games_cleverbot_disabled": "Cleverbot byl vypnut na tomto serveru.",
    "games_cleverbot_enabled": "Cleverbot byl zapnut na tomto serveru.",
    "games_curgen_disabled": "Generátor měny byl vypnut na tomto kanále.",
    "games_curgen_enabled": "Generátor měny byl zapnut na tomto kanále.",
    "games_curgen_pl": "{0} náhodné {1} se objevili/y!",
    "games_curgen_sn": "Náhodný {0} se objevil.",
    "games_failed_loading_question": "Nepodařilo se načíst otázku.",
    "games_game_started": "Hra začala",
    "games_hangman_game_started": "Hra Hangman začala",
    "games_hangman_running": "Hra Hangman již na tomto kanálu probíhá.",
    "games_hangman_start_errored": "Nepodařilo se zapnout hru Hangman.",
    "games_hangman_types": "Seznam\"{0}hangman\" typů výrazů:",
    "games_leaderboard": "Žebříček",
    "games_not_enough": "Nemáš dostatek {0}",
    "games_no_results": "Žádné výsledky",
    "games_picked": "vybral {0}",
    "games_planted": "{0} zasadil {1}",
    "games_trivia_already_running": "Vědomostní hra již na tomoto kanálu probíhá.",
    "games_trivia_game": "Vědomostní hra",
    "games_trivia_guess": "{0} to uhodl! Odpověď byla: {1}",
    "games_trivia_none": "Na tomto serveru neběží žádná vědomostní hra.",
    "games_trivia_points": "{0} má {1} bodů.",
    "games_trivia_stopping": "Hra končí po téhle otázce.",
    "games_trivia_times_up": "Čas vypršel. Správná odpověď byla {0}",
    "games_trivia_win": "{0} to uhodl a VYHRÁL hru! Odpověď byla: {1}",
    "games_ttt_against_yourself": "Nemůžeš hrát sám proti sobě.",
    "games_ttt_already_running": "Hra Piškvorky již na tomto serveru probíhá.",
    "games_ttt_a_draw": "Remíza!",
    "games_ttt_created": "vytvořil hru Piškvorky.",
    "games_ttt_has_won": "{0} vyhrál!",
    "games_ttt_matched_three": "Tři spojeny",
    "games_ttt_no_moves": "Nezbývají žádné tahy!",
    "games_ttt_time_expired": "Čas vypršel!",
    "games_ttt_users_move": "Tah hráče {0}",
    "games_vs": "{0} vs {1}",
    "music_attempting_to_queue": "Snažím se zařadit {0} písní...",
    "music_autoplay_disabled": "Automatické přehrávání byl vypnuto.",
    "music_autoplay_enabled": "Automatické přehrávání byl zapnuto.",
    "music_defvol_set": "Základní hlasitost byla nastavena na {0}%",
    "music_dir_queue_complete": "Adresářová hudební fronta dokončena.",
    "music_fairplay": "spravedlivé přehrávání",
    "music_finished_song": "Konec písně",
    "music_fp_disabled": "Spravedlivé přehrávání vypnuto.",
    "music_fp_enabled": "Spravedlivé přehrávání zapnuto.",
    "music_from_position": "Z pozice",
    "music_id": "Id",
    "music_invalid_input": "Neplatný vstup.",
    "music_max_playtime_none": "Doba přehrávání již nemá žádný limit.",
    "music_max_playtime_set": "Maximální doba přehrávání byla nastavena na {0} sekundu(y).",
    "music_max_queue_unlimited": "Maximální velikost fronty na přehrávání byla nastavena na neomezenou.",
    "music_max_queue_x": "Maximální velikost hudební fronty nastavena na {0} píseň/ní.",
    "music_must_be_in_voice": "Musíš být v hlasovém kanále na tomto serveru.",
    "music_name": "Název",
    "music_now_playing": "Teď hraje",
    "music_no_player": "Žádný aktivní hudební přehrávač.",
    "music_no_search_results": "Žádné výsledky vyhledávání.",
    "music_paused": "Přehrávání hudby bylo pozastaveno.",
    "music_player_queue": "Hudební fronta - Strana {0}/{1}",
    "music_playing_song": "Hrající píseň",
    "music_playlists": "`#{0}` - **{1}** od *{2}* ({3} písně)",
    "music_playlists_page": "Strana {0} uložených seznamů skladeb",
    "music_playlist_deleted": "Seznam stop byl vymazán.",
    "music_playlist_delete_fail": "Nepodařilo se vymazat tento seznam skladeb. Buď neexistuje nebo nejseš jeho autorem.",
    "music_playlist_id_not_found": "Seznam skladeb s tímto ID neexistuje.",
    "music_playlist_queue_complete": "Hudební fronta ze seznamu skladeb dokončena.",
    "music_playlist_saved": "Seznam stop uložen",
    "music_play_limit": "Limit {0}s",
    "music_queue": "Hudební fronta",
    "music_queued_song": "Zařazená píseň",
    "music_queue_cleared": "Hudební fronta byla vyčištěna.",
    "music_queue_full": "Hudební fronta je plná {0}/{0}.",
    "music_removed_song": "Odstraněna píseň",
    "music_repeating_cur_song": "Opakuji současnou píseň",
    "music_repeating_playlist": "Opakující se seznam písní",
    "music_repeating_track": "Opakující se píseň",
    "music_repeating_track_stopped": "Opakování současné písně bylo zastaveno.",
    "music_resumed": "Přehrávání hudby bylo znovuzapnuto.",
    "music_rpl_disabled": "Opakování seznamu písní bylo vypnuto.",
    "music_rpl_enabled": "Opakování seznamu písní bylo zapnuto.",
    "music_set_music_channel": "Skončím nyní s přehráváním, dokončeno, pozastaveno a písně odstraněny z tohoto kanálu.",
    "music_skipped_to": "Přeskočeno na `{0}:{1}`",
    "music_song_moved": "Píseň přesunuta",
    "music_time_format": "{0}h {1}m {2}s",
    "music_to_position": "Na pozici",
    "music_unlimited": "neomezená",
    "music_volume_input_invalid": "Hlasitost musí být mezi 0 a 100",
    "music_volume_set": "Hlasitost nastavena na {0}%",
    "permissions_acm_disable": "Vypnuto používání všech modulů v kanálu {0}.",
    "permissions_acm_enable": "Zapnuto používání všech modulů v kanálu {0}.",
    "permissions_allowed": "Povoleno",
    "permissions_arm_disable": "Vypnuto užívání všech modulů pro roli {0}.",
    "permissions_arm_enable": "Zapnuto užívání všech modulů pro roli {0}.",
    "permissions_asm_disable": "Vypnuto užívání všech modulů pro tento server.",
    "permissions_asm_enable": "Zapnuto užívání všech modulů pro tento server.",
    "permissions_aum_disable": "Vypnuto užívání všech modulů pro uživatele {0}.",
    "permissions_aum_enable": "Zapnuto užívání všech modulů pro uživatele {0}.",
    "permissions_blacklisted": "Uživatel {0} s ID {1} byl umístěn na černou listinu",
    "permissions_cmdcd_add": "Příkaz {0} má nyní {1}s cooldown.",
    "permissions_cmdcd_cleared": "Příkaz {0} nyní nemá žádný cooldown a všechny existující cooldowny byly vyčištěny.",
    "permissions_cmdcd_none": "Žádné cooldowny na příkazy nejsou nastaveny.",
    "permissions_command_costs": "Příkaz stojí",
    "permissions_cx_disable": "Vypnuto používání {0} {1} v kanálu {2}.",
    "permissions_cx_enable": "Zapnuto používání {0} {1} v kanálu {2}.",
    "permissions_denied": "Odmítnuto",
    "permissions_filter_word_add": "Slovo {0} bylo přidáno do seznamu filtrovaných slov.",
    "permissions_filter_word_list": "Seznam filtrovaných slov",
    "permissions_filter_word_remove": "Slovo {0} bylo odstraněno ze seznamu filtrovaných slov.",
    "permissions_invalid_second_param_between": "Neplatný druhý parametr.(Ten musí být číslo mezi {0} a {1})",
    "permissions_invite_filter_channel_off": "Filtrování pozvánek bylo vypnuto na tomto kanále.",
    "permissions_invite_filter_channel_on": "Filtrování pozvánek bylo zapnuto na tomto kanále.",
    "permissions_invite_filter_server_off": "Filtrování pozvánek bylo vypnuto na tomto serveru.",
    "permissions_invite_filter_server_on": "Filtrování pozvánek bylo zapnuto na tomto serveru.",
    "permissions_moved_permission": "Povolení {0} bylo přesunuto z #{1} na #{2}",
    "permissions_not_found": "Povolení na indexu #{0} nelze najít",
    "permissions_no_costs": "Žádné ceny nejsou nastaveny.",
    "permissions_of_command": "příkazu",
    "permissions_of_module": "modulu",
    "permissions_page": "Stránka oprávnění {0}",
    "permissions_permrole": "Současné oprávnění role je {0}",
    "permissions_permrole_changed": "Uživatelé nyní potřebují roli {0}, aby mohli editovat oprávnění.",
    "permissions_perm_out_of_range": "Žádné oprávnění nebylo nalezeno na tomto indexu.",
    "permissions_removed": "odstraněno oprávnění #{0} - {1}",
    "permissions_rx_disable": "Vypnuto užívání {0} {1} pro roli {2}.",
    "permissions_rx_enable": "Zapnuto užívání {0} {1} pro roli {2}.",
    "permissions_sec": "sec.",
    "permissions_sx_disable": "Vypnuto užívání {0} {1} na tomto serveru.",
    "permissions_sx_enable": "Zapnuto užívání {0} {1} na tomto serveru.",
    "permissions_unblacklisted": "Uživatel {0} s ID {1} již není na černé listině",
    "permissions_uneditable": "neupravitelné",
    "permissions_ux_disable": "Uživatel {2} nemůže používat {0} {1}.",
    "permissions_ux_enable": "Uživatel {2} může používat {0} {1}.",
    "permissions_verbose_false": "Nebudu zobrazovat varování o povoleních.",
    "permissions_verbose_true": "Budu zobrazovat varování o povoleních.",
    "permissions_word_filter_channel_off": "Filtrování slov bylo vypnuto na tomto kanálu.",
    "permissions_word_filter_channel_on": "Filtrování slov bylo zapnuto na tomto kanálu.",
    "permissions_word_filter_server_off": "Filtrování slov bylo vypnuto na tomto serveru.",
    "permissions_word_filter_server_on": "Filtrování slov bylo vypnuto na tomto serveru.",
    "searches_abilities": "Schopnosti",
    "searches_anime_no_fav": "Zatím žádné oblíbené anime",
    "searches_atl_ad_started": "Započalo automatické překládání zpráv na tomto kanále. Zprávy uživatelů budou automaticky smazány.",
    "searches_atl_removed": "tvůj jazyk automatického překladu byl odstraněn.",
    "searches_atl_set": "Tvůj jazyk automatického překladu byl nastaven na {0}>{1}",
    "searches_atl_started": "Začalo automatické překládání zpráv na tomto kanálu.",
    "searches_atl_stopped": "Zastaveno automatické překládání zpráv na tomto kanálu.",
    "searches_bad_input_format": "Neplatný vstupní formát nebo se někde něco stalo špatně.",
    "searches_card_not_found": "Nepodařilo se najít tuto kartu.",
    "searches_catfact": "fakt",
    "searches_chapters": "Kapitoly",
    "searches_comic_number": "Komiks #",
    "searches_compet_loses": "Hodnocené prohry",
    "searches_compet_played": "Hodnocených her hráno",
    "searches_compet_rank": "Hodnocená hodnost",
    "searches_compet_wins": "Hodnocené výhry",
    "searches_completed": "Dokončeno",
    "searches_condition": "Podmínka",
    "searches_cost": "Cena",
    "searches_date": "Datum",
    "searches_define": "Definuj:",
    "searches_dropped": "Opuštěno",
    "searches_episodes": "Epizody",
    "searches_error_occured": "Vyskytla se chyba.",
    "searches_example": "Příklad",
    "searches_failed_finding_anime": "Nepodařilo se najít toto anime.",
    "searches_failed_finding_manga": "Nepodařilo se najít tuto mangu.",
    "searches_genres": "Žánry",
    "searches_hashtag_error": "Nepodařilo se najít definici pro tento tag.",
    "searches_height_weight": "Výška/Váha",
    "searches_height_weight_val": "{0}m/{1}kg",
    "searches_humidity": "Vlhkost",
    "searches_image_search_for": "Vyhledávání obrázku:",
    "searches_imdb_fail": "Nepodařilo se vyhledat tento film.",
    "searches_invalid_lang": "Neplatný vstupní nebo výstupní jazyk.",
    "searches_jokes_not_loaded": "Vtipy se nenačetly.",
    "searches_latlong": "zěměpisná šířka/ z.délka",
    "searches_level": "Úroveň",
    "searches_list_of_place_tags": "Seznam {0}place tagů",
    "searches_location": "Lokace",
    "searches_magicitems_not_loaded": "Magické itemy se nenačetly.",
    "searches_mal_profile": "MAL profil uživatele {0}",
    "searches_mashape_api_missing": "Majitel bota neupřesnil MashapeApiKey. Nemůžeš použít tuto funkci.",
    "searches_min_max": "Min/Max",
    "searches_no_channel_found": "Žádný kanál nebyl nalezen.",
    "searches_no_results": "Žádné výsledky nebyly nalezeny.",
    "searches_on_hold": "Pozastaveno",
    "searches_original_url": "Původní url",
    "searches_osu_api_key": "Potřebuješ osu! API klíč.",
    "searches_osu_failed": "Nepodařilo se získat osu! podpis.",
    "searches_over_x": "Nalezla jsem přes {0} obrázků. Náhodně zobrazím {0}.",
    "searches_ow_user_not_found": "Uživatel nenalezen! Prosím ujisti se o správnosti regionu a BattleTagu a zkus to znovu.",
    "searches_plan_to_watch": "Plánuješ sledovat",
    "searches_platform": "Platforma",
    "searches_pokemon_ability_none": "Žádná schopnost nebyla nalezena.",
    "searches_pokemon_none": "Žádný pokémon nebyl nalezen.",
    "searches_profile_link": "Odkaz na profil:",
    "searches_quality": "Kvalita:",
    "searches_quick_playtime": "Rychlá herní doba",
    "searches_quick_wins": "Výhry z rychlých her",
    "searches_rating": "Hodnocení",
    "searches_score": "Výsledek:",
    "searches_search_for": "Hledat:",
    "searches_shorten_fail": "Nepodařilo se zkrátit tento odkaz.",
    "searches_short_url": "Zkrácený odkaz",
    "searches_something_went_wrong": "Něco je špatně.",
    "searches_specify_search_params": "Upřesni prosím parametry vyhledávání.",
    "searches_status": "Status",
    "searches_store_url": "Uložit odkaz",
    "searches_streamer_offline": "Streamer {0} je offline",
    "searches_streamer_online": "Streamer {0} je online s {1} diváky.",
    "searches_streams_following": "Na tomto serveru následuješ {0} stream(ů).",
    "searches_streams_none": "Na tomto serveru nenásleduješ žádný stream.",
    "searches_stream_no": "Není žádný takový stream.",
    "searches_stream_not_exist": "Tento stream pravděpodobně neexistuje.",
    "searches_stream_removed": "Stream streamera {0} ({1}) byl odebrán z upozornění.",
    "searches_stream_tracked": "Oznámím na tomto kanále změnu statu.",
    "searches_sunrise": "Východ slunce",
    "searches_sunset": "Západ slunce",
    "searches_temperature": "Teplota",
    "searches_title": "Název:",
    "searches_top_3_fav_anime": "3 nejoblíbenější anime:",
    "searches_translation": "Překlad:",
    "searches_types": "Typy",
    "searches_ud_error": "Nepodařilo se najít definici daného předmětu.",
    "searches_url": "Url",
    "searches_viewers": "Diváci",
    "searches_watching": "Sledující",
    "searches_wikia_error": "Nepodařilo se najít tento výraz na specifikované wiki.",
    "searches_wikia_input_error": "Zadej prosím cílovou wiki, poté pokračuj se samotným vyhledáváním.",
    "searches_wiki_page_not_found": "Stránka nebyla nalezena.",
    "searches_wind_speed": "Rychlost větru",
    "searches_x_most_banned_champs": "{0} Nejvíce blokovaných šampiónů",
    "searches_yodify_error": "Bohužel se nepodařilo se převést tuto větu do jazyka mocného Yody.",
    "utiliity_joined": "Připojen(a)",
    "utility_activity_line": "`{0}.` {1} [{2:F2}/s] - {3} celkem",
    "utility_activity_page": "Stránka aktivit #{0}",
    "utility_activity_users_total": "{0} uživatelů celkem.",
    "utility_author": "Autor",
    "utility_botid": "ID bota",
    "utility_calcops": "Seznam funkcí v {0}calc příkazu",
    "utility_channelid": "{0} tohoto kanálu je {1}",
    "utility_channel_topic": "Téma kanálu",
    "utility_commands_ran": "Dokončené příkazy",
    "utility_convert": "{0} {1} se rovná {2} {3}",
    "utility_convertlist": "Jednotky, které mohou být použity převaděčem jednotek.",
    "utility_convert_not_found": "Nepodařilo se převést {0} na {1}: jednotky nenalezeny",
    "utility_convert_type_error": "Nepodařilo se převést {0} na {1}: rozdílné typy jednotek",
    "utility_created_at": "Vytvořena v",
    "utility_custom_emojis": "Vlastní emoji",
    "utility_error": "Chyba",
    "utility_features": "Vlastnosti",
    "utility_id": "ID",
    "utility_index_out_of_range": "Index je mimo dosah.",
    "utility_inrole_list": "Seznam uživatelů v roli {0}",
    "utility_inrole_not_allowed": "Nemůžeš použít tento příkaz na rolích s mnoha lidmi kvůli případnému zneužití.",
    "utility_invalid_value": "Neplatná {0} hodnota.",
    "utility_joined_discord": "Připojen na Discord",
    "utility_joined_server": "Připojen na server",
    "utility_listservers": "ID: {0}\nČlenové: {1}\nID vlastníka: {2}",
    "utility_listservers_none": "Žádné servery nebyly na této stránce nalezeny.",
    "utility_list_of_repeaters": "Seznam opakovačů",
    "utility_members": "Členové",
    "utility_memory": "Paměť",
    "utility_messages": "Zprávy",
    "utility_message_repeater": "Opakovač zpráv",
    "utility_name": "Jméno",
    "utility_nickname": "Přezdívka",
    "utility_nobody_playing_game": "Nikdo právě nehraje tuhle hru.",
    "utility_no_active_repeaters": "Žádné aktivní opakovače.",
    "utility_no_roles_on_page": "Žádné role na této stránce.",
    "utility_no_shards_on_page": "Žádné shardy na této stránce.",
    "utility_no_topic_set": "Žádné nastavené téma.",
    "utility_owner": "Vlastník",
    "utility_owner_ids": "ID vlastníka",
    "utility_presence": "Přítomnost",
    "utility_presence_txt": "{0} Servery\n{1} Textové kanály\n{2} Hlasové kanály",
    "utility_quotes_deleted": "Vymazány všechny citace se slovem {0}.",
    "utility_quotes_page": "Stránka {0} citací",
    "utility_quotes_page_none": "Na ténto stránce nejsou žádné citace.",
    "utility_quotes_remove_none": "Žádné citace, které bys mohl odstranit.",
    "utility_quote_added": "Citace přidána",
    "utility_quote_deleted": "Citace #{0} smazána.",
    "utility_region": "Region",
    "utility_registered_on": "Registrován na",
    "utility_remind": "Upozorním {0} na {1} v {2} `({3:d.M.yyyy.} at {4:HH:mm})`",
    "utility_remind_invalid_format": "Neplatný vstupní formát. Zkontroluj seznam příkazů.",
    "utility_remind_template": "Nová šablona upozornění byla nastavena.",
    "utility_repeater": "Opakuje {0} každý/é/ou/ých {1} den/dnů, {2} hodin(u) a {3} minut(u).",
    "utility_repeaters_list": "Seznam opakovačů",
    "utility_repeaters_none": "Žádné opakovače běžící na tomto serveru.",
    "utility_repeater_stopped": "#{0} se zastavil.",
    "utility_repeat_invoke_none": "Žádné opakující se zprávy nebyly nalezeny na tomto serveru.",
    "utility_result": "Výsledek",
    "utility_roles": "Role",
    "utility_roles_all_page": "Stránka #{0} všech rolí na serveru",
    "utility_roles_page": "Stránka #{0} všech rolí pro {1}",
    "utility_rrc_no_colors": "Žádné barvy nejsou ve správném formátu. Použij například `#00ff00`.",
    "utility_rrc_start": "Začalo střídání barev role {0}.",
    "utility_rrc_stop": "Skončilo střídání barev role {0}",
    "utility_serverid": "{0} tohoto serveru je {1}",
    "utility_server_info": "Informace o serveru",
    "utility_shard": "Shard",
    "utility_shard_stats": "Shard statistika",
    "utility_shard_stats_txt": "Shard **#{0}** je ve stavu {1} na serverech {2}- před {3}",
    "utility_showemojis": "**Jméno:** {0} **Odkaz:** {1}",
    "utility_showemojis_none": "Nepodařilo se najít žádné speciální emoji.",
    "utility_stats_songs": "Přehrávám {0} písní, {1} zařazena/o",
    "utility_text_channels": "Textové kanály",
    "utility_togtub_room_link": "Tvůj odkaz do místnosti:",
    "utility_uptime": "Doba spuštění",
    "utility_userid": "{0} uživatele {1} je {2}",
    "utility_users": "Uživatelé",
    "utility_voice_channels": "Hlasové kanály",
    "gambling_animal_race_already_in": "Už jsi se přihlásil do tohoto závodu.",
    "games_current_poll_results": "Výsledky současného hlasování",
    "games_no_votes_cast": "Žádné hlasy.",
    "games_poll_already_running": "Hlasování již na tomto serveru probíhá.",
    "games_poll_created": "📃 {0} vytvořil anketu, která by tě mohla zajímat:",
    "games_poll_result": "`{0}.` {1} s {2} hlasem/hlasy.",
    "games_poll_voted": "{0} hlasoval.",
    "games_poll_vote_private": "Pošli mi soukromou zprávu s odpovídajícím číslem odpovědi.",
    "games_poll_vote_public": "Napiš sem zprávu s odpovídajícím číslem odpovědi.",
    "games_thanks_for_voting": "Děkuji za hlasování, {0}",
    "games_x_votes_cast": "{0} hlasů celkem.",
    "games_pick_pl": "Vyzvedni je pomocí `{0}pick`",
    "games_pick_sn": "Vyzvedni to pomocí `{0}pick`",
    "gambling_no_users_found": "Žádný uživatel nebyl nalezen.",
    "gambling_page": "stránka {0}",
    "administration_must_be_in_voice": "Musíš být v hlasovém kanálu na tomto serveru.",
    "administration_no_vcroles": "Nejsou žádné role hlasových kanálů.",
    "administration_user_muted_time": "{0} byl **ztlumen** v textových a hlasových kanálech po dobu {1} minut(y).",
    "administration_vcrole_added": "Uživatelé, kteří se připojí do hlasového kanálu {0}, dostanou roli {1}.",
    "administration_vcrole_removed": "Uživatelé, kteří se připojí do kanálu {0}, již nedostanou novou roli.",
    "administration_vc_role_list": "Role hlasového kanálu",
    "customreactions_crad_disabled": "Zpráva spouštějící vlastní reakci s ID {0} nebude automaticky smazána.",
    "customreactions_crad_enabled": "Zpráva spouštějící vlastní reakci s ID {0} bude automaticky smazána.",
    "customreactions_crdm_disabled": "Zpráva s odpovědí na vlastní reakci s ID {0} nebude poslána jako soukromá zpráva.",
    "customreactions_crdm_enabled": "Zpráva s odpovědí na vlastní reakci s ID {0} bude poslána jako soukromá zpráva.",
    "utility_aliases_none": "Žádný alias nebyl nalezen",
    "utility_alias_added": "{1} má nyní nový alias: {0}.",
    "utility_alias_list": "Seznam aliasů",
    "utility_alias_removed": "Spouštěč {0} již nemá žádné aliasy.",
    "utility_alias_remove_fail": "Spouštěč {0} neměl alias.",
    "searches_compet_playtime": "Hodnocená herní doba",
    "administration_channel": "Kanál",
    "administration_command_text": "Příkazový text",
    "administration_kicked_pl": "Vyhozeni",
    "administration_moderator": "Moderátor",
    "administration_page": "strana {0}",
    "administration_reason": "Důvod",
    "administration_scadd": "Nový uvítací příkaz byl přidán.",
    "administration_scrm": "Uvítací příkaz byl úspěšně odebrán.",
    "administration_scrm_fail": "Příkaz při spuštění nebyl nalezen.",
    "administration_server": "Server",
    "administration_startcmdlist_none": "Žádné uvítací příkazy na této stránce.",
    "administration_startcmds_cleared": "Všechny uvítací příkazy byly smazány.",
    "administration_unbanned_user": "Uživatel byl {0} odblokován.",
    "administration_user_not_found": "Uživatel nebyl nalezen.",
    "administration_user_warned": "Uživatel {0} byl varován.",
    "administration_user_warned_and_punished": "Uživatel {0} byl varován a trest {1} byl vykonán.",
    "administration_warned_on": "Varován na serveru {0}",
    "administration_warned_on_by": "Dne {0} v {1}, {2}",
    "administration_warnings_cleared": "Všechna varování byla smazána pro {0}.",
    "administration_warnings_none": "Žádná varování na této stránce.",
    "administration_warnlog_for": "Historie varování pro {0}",
    "administration_warnpl_none": "Žádné tresty nejsou nastaveny.",
    "administration_warn_cleared_by": "smazáno uživatelem {0}",
    "administration_warn_punish_list": "Seznam varování a trestů",
    "administration_warn_punish_rem": "Teď již nebudeš potrestán za {0} varování.",
    "administration_warn_punish_set": "Provedu trest {0} všem uživatelů s {1} varováními.",
    "administration_slowmodewl_role_start": "Pomalý režim bude nyní ignorovat roli {0}.",
    "administration_slowmodewl_role_stop": "Pomalý režim již nebude ignorovat roli {0}.",
    "administration_slowmodewl_user_start": "Pomalý režim bude nyní ignorovat uživatele {0}.",
    "administration_slowmodewl_user_stop": "Pomalý režim již nebude ignorovat uživatele {0}.",
    "utility_clpa_fail": "Nepodařilo se získat odměnu kvůli jednomu z následujících důvodů:",
    "utility_clpa_fail_already": "Možná už jsi tento měsíc získal svou odměnu. Můžeš dostat pouze jednu odměnu měsíčně, dokud nezvýšíš příspěvek.",
    "utility_clpa_fail_already_title": "Již odměněn",
    "utility_clpa_fail_conn": "Tvůj Discord účet nemusí být připojen k Patreonu. Pokud si nejseš jistý nebo nevíš jak je propojit - musíš jít na [účet na Patreonu, stránka Nastavení](https://patreon.com/settings/account) and kliknout na tlačítko 'Connect to discord'.",
    "utility_clpa_fail_conn_title": "Účet Discordu není připojen.",
    "utility_clpa_fail_sup": "Aby si mohl dostat odměnu, musíš podpořit tento projekt na Patreonu. Můžeš použít příkaz {0}, abys získal odkaz.",
    "utility_clpa_fail_sup_title": "Nepodporuješ",
    "utility_clpa_fail_wait": "Musíš počkat několik hodin po svém příspěvku, pokud jsi tak neudělal, zkus to později.",
    "utility_clpa_fail_wait_title": "Počkej nějaký čas",
    "utility_clpa_success": "Získal jsi {0}. Děkujeme za podporování našeho projektu.",
    "utility_clpa_too_early": "Odměny si můžeš vyzvednout vždy pátého dne v měsíci,anebo později.",
    "searches_time": "Čas v {0} je {1} - {2}",
    "administration_rh": "Nastav zobrazení role {0} na {1}.",
    "gambling_name": "Jméno",
    "gambling_shop": "Obchod",
    "gambling_shop_item_add": "Předmět byl přidán do obchodu",
    "gambling_shop_none": "Na této stránce nejsou žádné předměty z obchodu.",
    "gambling_shop_role": "Dostaneš roli {0}.",
    "gambling_type": "Typ",
    "utility_clpa_next_update": "Další update v {0}",
    "administration_gvc_disabled": "Herní hlasový kanál byl zakázán na tomto serveru.",
    "administration_gvc_enabled": "{0} je nyní Herní hlasový kanál.",
    "administration_not_in_voice": "Nejseš v hlasovém kanále na tomto serveru.",
    "gambling_item": "Předmět",
    "gambling_out_of_stock": "Vyprodáno.",
    "gambling_random_unique_item": "Náhodný unikátní předmět.",
    "gambling_shop_buy_error": "Nepodařilo se poslat předmět přímou zprávou. Dostal jsi zpátky své peníze.",
    "gambling_shop_item_not_found": "Žádný předmět nebyl na tomto indexu nalezen.",
    "gambling_shop_item_purchase": "Úspěšné zakoupení předmětu.",
    "gambling_shop_item_rm": "Předmět byl odsraněn z obchodu",
    "gambling_shop_item_wrong_type": "Tento obchod nepodporuje přidávání předmětů.",
    "gambling_shop_list_item_added": "Předmět byl úspěšně přidán.",
    "gambling_shop_list_item_not_unique": "Tento předmět je již přidán.",
    "gambling_shop_purchase": "Koupě na serveru {0}",
    "gambling_shop_role_not_found": "Role, která se prodává, již neexistuje.",
    "gambling_shop_role_purchase": "Úspěšně jsi zakoupil roli {0}.",
    "gambling_shop_role_purchase_error": "Nepodařilo se zakoupit roli. Byl jsi refundován.",
    "gambling_unique_items_left": "zbývá {0} unikátní předmětů.",
    "permissions_blocked_commands": "Zablokované příkazy",
    "permissions_blocked_modules": "Zablokované moduly",
    "permissions_gcmd_add": "Příkaz {0} byl zakázán na všech serverech.",
    "permissions_gcmd_remove": "Příkaz {0} byl povolen na všech serverech.",
    "permissions_gmod_add": "Modul {0} byl zákazán na všech serverech.",
    "permissions_gmod_remove": "Modul {0} byl povolen na všech serverech.",
    "permissions_lgp_none": "Žádné zablokované příkazy nebo moduly.",
    "gambling_animal_race_no_race": "Tento Závod zvířat je plný!",
    "utility_cant_read_or_send": "Nemůžeš číst z ani posílat zprávy do tohoto kanálu.",
    "utility_quotes_notfound": "Nebyl nalezen žádný citát s ID, které jsi použil.",
    "administration_prefix_current": "Prefix na tomto serveru je {0}",
    "administration_prefix_new": "Na tomto serveru byl změněn prefix z {0} na {1}",
    "administration_defprefix_current": "Výchozí prefix bota je {0}",
    "administration_defprefix_new": "Výchozí prefix bota byl změněn z {0} na {1}",
    "administration_bot_nick": "Přezdívka bota změněna na {0}",
    "administration_user_nick": "Přezdívka uživatele {0} byla změněna na {1}",
    "administration_timezone_guild": "Časové pásmo pro tento server je `{0}`",
    "administration_timezone_not_found": "Časové pásmo nebylo nalezeno. Použij příkaz \"timezones\" pro seznam všech dostupných časových pásem.",
    "administration_timezones_available": "Dostupná časová pásma",
    "music_song_not_found": "Žádná píseň nebyla nalezena.",
    "searches_define_unknown": "Nepodařilo se najít definici daného výrazu.",
    "utility_repeater_initial": "První opakující se zpráva se pošle za {0}h a {1}min.",
    "utility_verbose_errors_enabled": "Nesprávně použité příkazy se nyní budou zobrazovat jako chyba.",
    "utility_verbose_errors_disabled": "Nesprávně použité příkazy se nyní nebudou zobrazovat jako chyba.",
    "permissions_perms_reset": "Oprávnění tohoto serveru byla resetována.",
    "permissions_trigger": "Oprávnění číslo #{0} {1} brání této akci.",
    "administration_migration_error": "Chyba při migrování, v konzoli bota je více informací.",
    "searches_hex_invalid": "Nesprávně specifikovaná barva.",
    "permissions_global_perms_reset": "Globální oprávnění byla resetována.",
    "help_module": "Modul: {0}",
    "games_hangman_stopped": "Hra Hangman skončila.",
    "music_autoplaying": "Automatické přehrávání.",
    "music_queue_stopped": "Přehrávač je zastaven. Použij příkaz {0} pro spuštění.",
    "music_removed_song_error": "Píseň na tomto indexu neexistuje",
    "music_shuffling_playlist": "Míchání písní",
    "music_songs_shuffle_enable": "Písně se budou odteď přehrávat náhodně.",
    "music_songs_shuffle_disable": "Písně se odteď nebudou přehrávat náhodně.",
    "music_song_skips_after": "Písně se přeskočí po {0}",
    "administration_warnings_list": "Seznam všech varovaných uživatelů na tomto serveru",
    "customreactions_redacted_too_long": "Redigováno, protože to trvalo dlouho.",
    "nsfw_blacklisted_tag_list": "Černá listina tagů:",
    "nsfw_blacklisted_tag": "Jeden nebo více tagů, které jsi použil jsou na černé listině.",
    "nsfw_blacklisted_tag_add": "Nsfw tag {0} je nyní na černé listině.",
    "nsfw_blacklisted_tag_remove": "Nsfw tag {0} již není na černé listině.",
    "gambling_waifu_gift": "Darováno {0} {1}",
    "gambling_waifu_gift_shop": "Obchod dárků pro waifu",
    "gambling_gifts": "Dárky",
    "games_connect4_created": "Hra Connect4 byla vytvořena. Čekám na připojení hráče.",
    "games_connect4_player_to_move": "Hráč k posunutí: {0}",
    "games_connect4_failed_to_start": "Connect4 hru se nepodařilo spustit, protože se nikdo nepřipojil.",
    "games_connect4_draw": "Hra Connect4 skončila remízou.",
    "games_connect4_won": "{0} vyhrál hru Connect4 proti {1}",
    "games_nunchi_joined": "Připojen k nunchi hře.{0} uživatelů se již připojilo.",
    "games_nunchi_ended": "Nunchi hra skončila. {0} vyhrál",
    "games_nunchi_ended_no_winner": "Nunchi hra skončila bez vítěze.",
    "games_nunchi_started": "Nunchi hra začala s {0} účastníky",
    "games_nunchi_round_ended": "Kolo hry Nunchi skončilo. {0} je mimo hru.",
    "games_nunchi_round_ended_boot": "Kolo hry Nunchi skončilo kvůli vypršení času pro některé uživatele. Tito uživatelé stále ještě hrají: {0}",
    "games_nunchi_round_started": "Kolo hry Nunchi začalo s {0} uživateli. Začni počítat od čísla {1}.",
    "games_nunchi_next_number": "Číslo registrováno. Poslední číslo bylo {0}.",
    "games_nunchi_failed_to_start": "Hru Nunchi se nepodařilo spustit z důvodu nedostatku účastníků.",
    "games_nunchi_created": "Hra Nunchi byla vytvořena. Čekám na připojení uživatelů.",
    "music_sad_enabled": "Písně budou mazány ze seznamu přehrávání, když skončí.",
    "music_sad_disabled": "Písně nebudou mazány ze seznamu přehrávání, když skončí.",
    "utility_stream_role_enabled": "Když uživatel z role {0} začne streamovat, dám mu roli {1}.",
    "utility_stream_role_disabled": "Funkce Role při streamování byla vypnuta.",
    "utility_stream_role_kw_set": "Streameři nyní potřebují klíčové slovo {0}, aby dostali roli.",
    "utility_stream_role_kw_reset": "Klíčové slovo pro streamování bylo resetováno.",
    "utility_stream_role_bl_add": "Uživatel {0} nikdy nedostane streamovací roli.",
    "utility_stream_role_bl_add_fail": "Uživatel {0} již je na černé listině.",
    "utility_stream_role_bl_rem": "Uživatel {0} již není na černé listině.",
    "utility_stream_role_bl_rem_fail": "Uživatel {0} není na černé listině.",
    "utility_stream_role_wl_add": "Uživatel {0} získá streamovací roli, i když nemá klíčové slovo v názvu streamu.",
    "utility_stream_role_wl_add_fail": "Uživatel {0} již je na bílé listině.",
    "utility_stream_role_wl_rem": "Uživatel {0} již není na bílé listině.",
    "utility_stream_role_wl_rem_fail": "Uživatel {0} není na bílé listině.",
    "utility_bot_config_edit_fail": "Nepodařilo se nastavit {0} na hodnotu {1}",
    "utility_bot_config_edit_success": "Hodnota {0} byla nastavena na {1}",
    "customreactions_crca_disabled": "Vlastní realce s id{0} se nyní spustí, kdykoli se objeví na začátku věty.",
    "customreactions_crca_enabled": "Vlastní realce s id{0} se nyní spustí, kdykoli se objeví kdekoli ve větě.",
    "xp_server_level": "Serverová úroveň",
    "xp_level": "Úroveň",
    "xp_club": "Klub",
    "xp_xp": "Zkušenost",
    "xp_excluded": "{0} byl vyloučen z XP systému na tomto serveru.",
    "xp_not_excluded": "{0} již není vyloučen z XP systému na tomto serveru.",
    "xp_exclusion_list": "Seznam vyloučených",
    "xp_server_is_excluded": "Tento server je vyloučen.",
    "xp_server_is_not_excluded": "Tento server není vyloučen.",
    "xp_excluded_roles": "Vyloučené role",
    "xp_excluded_channels": "Vyloučené kanály",
    "xp_level_up_channel": "Gratulace {0}, dosáhl jsi úrovně {1}!",
    "xp_level_up_dm": "Gratulace {0}, dosáhl jsi úrovně {1} na serveru {2}!",
    "xp_level_up_global": "Gratulace {0}, dosáhl jsi globální úrovně {1}!",
    "xp_role_reward_cleared": "Za úroveň {0} již nikdo nedostane roli .",
    "xp_role_reward_added": "Uživatelé, kteří dosáhnou úrovně {0} dostanou roli {1}.",
    "xp_role_rewards": "Role za odměnu",
    "xp_level_x": "Úroveň {0}",
    "xp_no_role_rewards": "Na této straně není žádná role za odměnu.",
    "xp_server_leaderboard": "Serverový XP žebříček",
    "xp_global_leaderboard": "Globální XP žebříček",
    "xp_modified": "Upraveno serverové XP uživatele {0} o {1}",
    "xp_club_create_error": "Nepodařilo se založit klub. Ujisti se, že tvoje úroveň je alespoň 5, a že již nejsi členem jiného klubu.",
    "xp_club_created": "Klub {0} byl úspěšně vytvořen.",
    "xp_club_not_exists": "Tento klub neexistuje.",
    "xp_club_applied": "Ucházíš se o místo v klubu {0}.",
    "xp_club_apply_error": "Nepodařilo se ucházení o klub. Buď již jsi členem klubu nebo nesplňuješ minimální úroveň k přijetí nebo jsi z tohoto klubu byl zabanován.",
    "xp_club_accepted": "Uživatel {0} byl přijat do klubu.",
    "xp_club_accept_error": "Uživatel nenalezen.",
    "xp_club_left": "Opustil jsi klub.",
    "xp_club_not_in_club": "Nejsi v klubu nebo se snažíš opustit klub, který vlastníš.",
    "xp_club_user_kick": "Uživatel {0} byl vyhozen z klubu {1}.",
    "xp_club_user_kick_fail": "Nepodařilo se vyhodit. Buď nejsi majitelem klubu nebo tento uživatel není ve tvém klubu.",
    "xp_club_user_banned": "Uživatel {0} byl zabanován v klubu {1}.",
    "xp_club_user_ban_fail": "Nepodařilo se zabanovat. Buď nejsi majitelem klubu nebo tento uživatel není ve tvém klubu, ani se o něj neuchází.",
    "xp_club_user_unbanned": "Uživatel {0} byl odbanován v klubu {1}.",
    "xp_club_user_unban_fail": "Nepodařilo se odbanovat. Buď nejsi majitelem klubu nebo tento uživatel není ve tvém klubu, ani se o něj neuchází.",
    "xp_club_level_req_changed": "Požadovaná úroveň pro vstup do klubu byla změněna na {0}",
    "xp_club_level_req_change_error": "Nepodařilo se změnit požadovanou úroveň pro vstup.",
    "xp_club_disbanded": "Klub {0} byl rozpuštěn.",
    "xp_club_disband_error": "Chyba. Buď nejsi v klubu nebo nejsi jeho majitelem.",
    "xp_club_icon_error": "Neplatné url obrázku nebo nejsi majitel klubu.",
    "xp_club_icon_set": "Nová klubová ikona byla nastavena.",
    "xp_club_bans_for": "Bany pro klub {0}",
    "xp_club_apps_for": "Uchazeči o klub {0}",
    "xp_club_leaderboard": "Klubový žebříček - strana {0}"
}