{
    "customreactions_all_stats_cleared": "모든 커스텀 리액션에 대한 통계가 삭제되었습니다.",
    "customreactions_deleted": "커스텀 리액션이 삭제되었습니다.",
    "customreactions_insuff_perms": "권한이 부족합니다. 전체 커스텀 리액션을 관리하기 위해서는 봇의 소유권과 서버의 관리자 권한이 필요합니다.",
    "customreactions_list_all": "모든 커스텀 리액션 목록",
    "customreactions_name": "커스텀 리액션 목록",
    "customreactions_new_cust_react": "새로운 커스텀 리액션",
    "customreactions_no_found": "커스텀 리액션을 찾지 못했습니다.",
    "customreactions_no_found_id": "요청하신 ID에 대한 커스텀 리액션을 찾지 못했습니다.",
    "customreactions_response": "반응",
    "customreactions_stats": "커스텀 리액션 통계",
    "customreactions_stats_cleared": "{0}에 대한 커스텀 리액션 통계가 삭제되었습니다.",
    "customreactions_stats_not_found": "해당 트리거에 대한 통계를 찾지 못했으며, 아무런 행동도 취하지 않았습니다.",
    "customreactions_trigger": "트리거",
    "nsfw_autohentai_stopped": "Autohentai 기능이 정지되었습니다.",
    "nsfw_not_found": "결과를 찾지 못했습니다.",
    "pokemon_already_fainted": "{0}이(가) 이미 기절했습니다.",
    "pokemon_already_full": "{0}은(는) 이미 최대 체력입니다.",
    "pokemon_already_that_type": "당신은 이미 {0} 타입 입니다.",
    "pokemon_attack": "님이 {2}{3}에게 {0}{1}을(를) 사용하여서 {4}의 피해를 입혔습니다.",
    "pokemon_cant_attack_again": "보복 없이는 다시 공격 할 수 없습니다.",
    "pokemon_cant_attack_yourself": "자신을 공격 할 수 없습니다.",
    "pokemon_fainted": "{0}이(가) 기절했습니다!",
    "pokemon_healed": "{1}을(를) 사용하여서 {0}을(를) 치료했습니다.",
    "pokemon_hp_remaining": "{0}의 HP가 {1} 남아 있습니다.",
    "pokemon_invalid_move": "{0}을(를) 사용 할 수 없습니다. `{1}ml`을(를) 입력해서 사용할 수 있는 움직임들의 리스트를 확인하세요.",
    "pokemon_moves": "{0}의 종류 공격표",
    "pokemon_not_effective": "효과적이지 않았다.",
    "pokemon_no_currency": "당신은 충분한 {0}가 없습니다.",
    "pokemon_revive_other": "{1}을(를) 사용하여서 {0}을(를) 소생했습니다.",
    "pokemon_revive_yourself": "{0}을(를) 사용해서 자기자신을 소생시켰습니다.",
    "pokemon_settype_success": "당신의 타입이 {0}에서 {1}으로 변경되었습니다.",
    "pokemon_somewhat_effective": "어느정도 효과가 있었다.",
    "pokemon_super_effective": "효과는 굉장했다!",
    "pokemon_too_many_moves": "너무 많은 공격을 연속해서 사용했으므로 이동할 수 없습니다!",
    "pokemon_type_of_user": "{0}의 종류는 {1}입니다.",
    "pokemon_user_not_found": "사용자를 찾을 수 없습니다.",
    "pokemon_you_fainted": "당신은 기절해서 움직일 수 없습니다!",
    "administration_aar_disabled": "서버에 입장한 사용자의 **자동 역할 할당**이 **비활성화**되었습니다.",
    "administration_aar_enabled": "서버에 입장한 사용자의 **자동 역할 할당**이 **활성화**되었습니다.",
    "administration_attachments": "첨부파일",
    "administration_avatar_changed": "아바타가 변경되었습니다.",
    "administration_bandm": "당신은 {0} 서버에서 밴되었습니다.\n사유: {1}",
    "administration_banned_pl": "밴",
    "administration_banned_user": "사용자 밴",
    "administration_bot_name": "봇의 이름이 {0}으로 변경되었습니다.",
    "administration_bot_status": "봇의 상태가 {0}으로 변경되었습니다.",
    "administration_byedel_off": "퇴장 메시지의 자동삭제가 비활성화되었습니다.",
    "administration_byedel_on": "퇴장 메시지는 앞으로 {0}초 후에 삭제됩니다.",
    "administration_byemsg_cur": "현재 퇴장 메시지: {0}",
    "administration_byemsg_enable": "퇴장 메시지를 활성화하기 위해서는 {0}를 입력하세요.",
    "administration_byemsg_new": "새로운 퇴장 메시지가 설정되었습니다.",
    "administration_bye_off": "퇴장 알림이 비활성화되었습니다.",
    "administration_bye_on": "이 채널에서 퇴장 알림이 활성화되었습니다.",
    "administration_ch_name_change": "채널 이름이 변경되었습니다.",
    "administration_ch_old_name": "이전 이름",
    "administration_ch_topic_change": "채널의 주제가 변경되었습니다.",
    "administration_cleaned_up": "정리했습니다.",
    "administration_content": "내용",
    "administration_cr": "{0} 역할을 성공적으로 생성하였습니다.",
    "administration_createtextchan": "텍스트 채널 {0}이(가) 생성되었습니다.",
    "administration_createvoich": "음성 채널 {0}이(가) 생성되었습니다.",
    "administration_deafen": "음소거되었습니다.",
    "administration_deleted_server": "{0} 서버를 삭제하였습니다.",
    "administration_delmsg_off": "성공적으로 처리된 명령어에 대한 자동삭제가 중지되었습니다.",
    "administration_delmsg_on": "이제 성공적으로 처리된 명령어를 자동삭제합니다.",
    "administration_deltextchan": "텍스트 채널 {0}을(를) 삭제했습니다.",
    "administration_delvoich": "음성 채널 {0}을(를) 삭제했습니다.",
    "administration_dm_from": "개인 메시지",
    "administration_donadd": "성공적으로 새로운 기부자를 추가했습니다. 이 유저의 총 기부량은 {0} 👑 입니다.",
    "administration_donators": "이 프로젝트를 위해 수고해주신 아래의 사람들에게 감사드립니다!",
    "administration_fwall_start": "DM을 모든 봇 소유자에게 전달하겠습니다.",
    "administration_fwall_stop": "DM을 첫번째 봇 소유자에게만 전달하겠습니다.",
    "administration_fwdm_start": "지금부터 DM을 전달하겠습니다.",
    "administration_fwdm_stop": "지금부터 DM 전달을 중단하겠습니다.",
    "administration_greetdel_off": "환영 메시지에 대한 자동삭제가 비활성화되었습니다.",
    "administration_greetdel_on": "환영 메시지는 {0}초 후에 삭제될 것입니다.",
    "administration_greetdmmsg_cur": "현재 DM 환영 메시지: {0}",
    "administration_greetdmmsg_enable": "{0}을(를) 입력해서 DM 환영 메시지를 활성화시킵니다.",
    "administration_greetdmmsg_new": "새로운 DM 환영 메시지가 설정되었습니다.",
    "administration_greetdm_off": "DM 환영 알림이 비활성화되었습니다.",
    "administration_greetdm_on": "DM 환영 알림 활성화 되었습니다.",
    "administration_greetmsg_cur": "현재 환영 메시지: {0}",
    "administration_greetmsg_enable": "{0}을(를) 입력해서 환영 메시지를 활성화시킵니다.",
    "administration_greetmsg_new": "새로운 환영 메시지가 설정되었습니다.",
    "administration_greet_off": "환영 알림이 비활성화되었습니다.",
    "administration_greet_on": "이 채널의 환영 알림이 활성화되었습니다.",
    "administration_hierarchy": "당신은 이 명령어를 당신보다 상위나 동등한 권한관계를 가진 사람에게 쓸 수 없습니다.",
    "administration_images_loaded": "이미지가 {0}초 후에 생성되었습니다!",
    "administration_invalid_format": "유효하지않은 입력 포맷입니다.",
    "administration_invalid_params": "유효하지않은 파라미터입니다.",
    "administration_joined": "{0}님이 {1}에 입장하였습니다.",
    "administration_kickdm": "당신은 {0} 서버에서 퇴장당했습니다.\n사유 : {1}",
    "administration_kicked_user": "사용자 강제퇴장",
    "administration_lang_list": "언어 목록",
    "administration_lang_set": "서버의 지역이 {0} - {1}로 변경되었습니다.",
    "administration_lang_set_bot": "봇의 기본 지역이 {0} - {1}로 변경되었습니다.",
    "administration_lang_set_bot_show": "봇의 언어가 {0} - {1}로 설정되었습니다.",
    "administration_lang_set_fail": "지역 설정에 실패했습니다. 이 명령어의 도움말을 참고하십세요.",
    "administration_lang_set_show": "이 서버의 언어가 {0} - {1}로 변경되었습니다.",
    "administration_left": "{0}님이 {1}에서 퇴장하셨습니다.",
    "administration_left_server": "{0} 서버에서 퇴장하였습니다.",
    "administration_log": "이 채널의 {0} 이벤트를 로깅합니다.",
    "administration_log_all": "이 채널의 모든 이벤트를 로깅합니다.",
    "administration_log_disabled": "로깅이 비활성화되었습니다.",
    "administration_log_events": "구독 할 수 있는 로그 이벤트 : ",
    "administration_log_ignore": "로그는 앞으로 {0}을(를) 무시합니다.",
    "administration_log_not_ignore": "로그는 {0}을(를) 더 이상 무시하지 않습니다.",
    "administration_log_stop": "{0} 이벤트에 대한 로그를 중지하였습니다.",
    "administration_menrole": "{0}이(가) 다음 역할에 대한 언급을 요청했습니다.",
    "administration_message_from_bo": "{0} `[봇의 소유자]` 로부터 메시지:",
    "administration_message_sent": "메시지가 전송되었습니다.",
    "administration_moved": "{0}이(가) {1}에서 {2}로 이동했습니다.",
    "administration_msg_del": "#{0}에서 메시지가 삭제되었습니다.",
    "administration_msg_update": "#{0}에서 메시지가 업데이트되었습니다.",
    "administration_muted_pl": "음소거",
    "administration_muted_sn": "음소거",
    "administration_mute_error": "명령어를 수행하기 위한 권한이 부족합니다.",
    "administration_mute_role_set": "새로운 음소거 역할이 설정되었습니다.",
    "administration_need_admin": "요청하신 것을 처리하기 위해서는**관리자** 권한이 필요합니다.",
    "administration_new_msg": "새로운 메시지",
    "administration_new_nick": "새로운 닉네임",
    "administration_new_topic": "새로운 주제",
    "administration_nick_change": "닉네임이 변경되었습니다.",
    "administration_no_server": "요청하신 서버를 찾을 수 없습니다.",
    "administration_no_shard_id": "해당하는 Shard ID가 없습니다.",
    "administration_old_msg": "이전 메시지",
    "administration_old_nick": "이전 닉네임",
    "administration_old_topic": "이전 주제",
    "administration_perms": "오류. 봇에게 충분한 권한이 없습니다.",
    "administration_prot_active": "보호기능 활성화",
    "administration_prot_disable": "{0}은(는) 이 서버에서 **비활성화**되었습니다.",
    "administration_prot_enable": "{0}이(가) 활성화되었습니다.",
    "administration_prot_error": "오류. 관리자 권한이 필요합니다.",
    "administration_prot_none": "활성화된 보호기능이 없습니다.",
    "administration_raid_cnt": "사용자의 값은 반드시 {0}와(과) {1}사이의 값이여야 합니다.",
    "administration_raid_stats": "만약 {0}명 이상의 사용자가 {1}초안에 접속한다면 {2} 합니다.",
    "administration_raid_time": "시간은 {0}초와 {1}초 사이의 값이여야 합니다.",
    "administration_rar": "{0}의 모든 역할을 성공적으로 삭제했습니다.",
    "administration_rar_err": "역할 삭제에 실패했습니다. 권한이 부족합니다.",
    "administration_rc": "{0} 역할에 대한 색이 변경되었습니다.",
    "administration_rc_not_exist": "그 역할은 존재하지 않습니다.",
    "administration_rc_params": "지정된 파라미터가 유효하지 않습니다.",
    "administration_rc_perms": "유효하지 않은 색이거나 권한이 부족해서 오류가 발생했습니다.",
    "administration_remrole": "{1}의 {0} 역할을 성공적으로 제거했습니다.",
    "administration_remrole_err": "역할 제거에 실패했습니다. 권한이 부족합니다.",
    "administration_renrole": "역할 이름이 변경되었습니다.",
    "administration_renrole_err": "역할 이름 변경에 실패했습니다. 권한이 부족합니다.",
    "administration_renrole_perms": "자신보다 가장 높은 역할보다 높은 사용자의 역할을 수정할 수 없습니다.",
    "administration_reprm": "다루고있었던 메시지를 치웠습니다: {0}",
    "administration_role_added": "{0} 역할을 리스트에 추가했습니다.",
    "administration_role_clean": "{0}을(를) 찾을 수 없기때문에 삭제했습니다.",
    "administration_role_in_list": "{0} 역할은 이미 리스트에 추가된 상태입니다.",
    "administration_ropl_added": "추가했습니다.",
    "administration_ropl_disabled": "플레이 상태 로테이션이 비활성화되었습니다.",
    "administration_ropl_enabled": "플레이 상태 로테이션이 활성화되었습니다.",
    "administration_ropl_list": "플레이 상태 로테이션 리스트:\n{0}",
    "administration_ropl_not_set": "플레이 상태 로테이션이 설정되지 않았습니다.",
    "administration_self_assign_already": "당신은 이미 {0} 역할이 있습니다.",
    "administration_self_assign_already_excl": "당신은 이미 독점 자가 배정 역할 {0}이(가) 있습니다.",
    "administration_self_assign_excl": "자가 배정 역할은 이제 하나만 선택 할 수 있습니다!",
    "administration_self_assign_list": "{0}개의 자가 배정 역할이 있습니다.",
    "administration_self_assign_not": "그 역할은 자신이 적용 할 수 없습니다.",
    "administration_self_assign_not_have": "당신은 {0} 역할이 아닙니다.",
    "administration_self_assign_no_excl": "자가 배정 역할은 이제 복수 선택 할 수 있습니다!",
    "administration_self_assign_perms": "그 역할을 당신에게 추가 할 수 없습니다. `당신보다 상위나 동등한 권한관계를 가진 사람에게 역할을 추가 할 수 없습니다.`",
    "administration_self_assign_rem": "{0}은(는) 자신이 적용 할 수 있는 역할 목록에서 삭제되었습니다.",
    "administration_self_assign_remove": "당신은 더 이상 {0} 역할이 아닙니다.",
    "administration_self_assign_success": "당신은 이제 {0} 역할입니다.",
    "administration_setrole": "{1}님에게 {0} 역할을 성공적으로 추가했습니다.",
    "administration_setrole_err": "역할 추가에 실패했습니다. 권한이 부족합니다.",
    "administration_set_avatar": "새로운 아바타가 설정되었습니다!",
    "administration_set_channel_name": "새로운 채널 이름이 설정되었습니다.",
    "administration_set_game": "새로운 게임이 설정되었습니다!",
    "administration_set_stream": "새로운 방송이 설정되었습니다!",
    "administration_set_topic": "새로운 채널 주제를 설정했습니다.",
    "administration_shard_reconnected": "Shard {0}이(가) 다시 연결되었습니다.",
    "administration_shard_reconnecting": "Shard {0}을(를) 다시 연결 중입니다.",
    "administration_shutting_down": "종료 중...",
    "administration_slowmode_desc": "사용자는 {1}초마다 {0}개 이상의 메시지를 보낼 수 없습니다.",
    "administration_slowmode_disabled": "슬로우 모드가 비활성화되었습니다.",
    "administration_slowmode_init": "슬로우 모드가 활성화되었습니다.",
    "administration_soft_banned_pl": "소프트 밴 (강제퇴장)",
    "administration_spam_ignore": "{0}은(는) 이 채널을 무시할 것입니다.",
    "administration_spam_not_ignore": "{0}은(는) 더 이상 이 채널을 무시하지 않을 것입니다.",
    "administration_spam_stats": "만약 사용자가 {0}개 이상의 같은 메시지를 보내면 {1} 합니다.\n    __무시하는 채널들__: {2} ",
    "administration_text_chan_created": "텍스트 채널이 생성되었습니다.",
    "administration_text_chan_destroyed": "텍스트 채널이 삭제되었습니다.",
    "administration_undeafen": "음소거 해제 완료.",
    "administration_unmuted_sn": "음소거 해제",
    "administration_username": "사용자 이름",
    "administration_username_changed": "사용자 이름이 변경되었습니다.",
    "administration_users": "사용자",
    "administration_user_banned": "사용자 밴",
    "administration_user_chat_mute": "{0}님이 채팅으로부터 **음소거**되었습니다.",
    "administration_user_chat_unmute": "{0}님이 채팅으로부터 **음소거 해제**되었습니다.",
    "administration_user_joined": "사용자 입장",
    "administration_user_left": "사용자 퇴장",
    "administration_user_muted": "{0}님이 텍스트와 음성 채팅으로부터 **차단**되었습니다.",
    "administration_user_role_add": "사용자의 역할이 추가되었습니다.",
    "administration_user_role_rem": "사용자의 역할이 제거되었습니다.",
    "administration_user_status_change": "{0}님의 상태는 {1} 입니다.",
    "administration_user_unmuted": "{0}님이 텍스트와 음성 채팅으로부터 **차단해제**되었습니다.",
    "administration_user_vjoined": "{0}님이 음성채널 {1}에 입장하셨습니다.",
    "administration_user_vleft": "{0}님이 음성채널 {1}에서 퇴장하셨습니다.",
    "administration_user_vmoved": "{0}님이 음성채널 {1}에서 {2}로 이동되었습니다.",
    "administration_user_voice_mute": "{0}님이 **음성 음소거**되었습니다.",
    "administration_user_voice_unmute": "{0}님이 **음성 음소거 해제**되었습니다.",
    "administration_voice_chan_created": "음성 채널이 생성되었습니다.",
    "administration_voice_chan_destroyed": "음성 채널이 삭제되었습니다.",
    "administration_vt_disabled": "음성 + 텍스트 기능을 비활성화시켰습니다.",
    "administration_vt_enabled": "음성 + 텍스트 기능을 활성화시켰습니다.",
    "administration_vt_exit": "**관리 역할** 혹은 **채널 관리 권한**이 부족해서 {0} 서버에서 `음성 + 텍스트` 기능을 실행 할 수 없습니다.",
    "administration_vt_no_admin": "당신은 **봇이 관리자 권한이 없음에도** 이 기능을 활성화/비활성화 하려고 하고 있습니다. 이로 인해서 문제가 발생 할 수 있으며 이후에 직접 텍스트 채널을 정리해야합니다.",
    "administration_vt_perms": "이 기능을 활성화시키기 위해서는 **역할 관리**과 **채널 관리** 권한이 필요합니다. (Administration 권한 선호합니다)",
    "administration_xmuted_text": "사용자가 텍스트 채팅으로부터 {0} 되었습니다.",
    "administration_xmuted_text_and_voice": "사용자가 텍스트와 음성 채팅으로부터 {0} 되었습니다.",
    "administration_xmuted_voice": "사용자가 음성 채팅으로부터 {0} 되었습니다.",
    "administration_sbdm": "당신은 {0} 서버에서 소프트밴을 당했습니다.\n사유: {1}",
    "administration_user_unbanned": "사용자 밴 해제",
    "administration_migration_done": "이전 완료!",
    "administration_presence_updates": "현재 상태 업데이트",
    "administration_sb_user": "사용자 소프트 밴",
    "gambling_awarded": "님이 {1}에게 {0}개를 지급했습니다.",
    "gambling_better_luck": "다음 기회에 ^_^",
    "gambling_br_win": "축하합니다! 당신은 {1}이상을 굴려서 {0}을(를) 획득했습니다.",
    "gambling_deck_reshuffled": "덱이 섞였습니다.",
    "gambling_flipped": "동전뒤집기의 결과는 {0} 입니다.",
    "gambling_flip_guess": "맞췄습니다! 당신은 {0}을(를) 획득했습니다.",
    "gambling_flip_invalid": "유효하지 않은 숫자입니다. 당신은 1개부터 {0}개까지만 동전을 뒤집을 수 있습니다.",
    "gambling_flowerreaction_desc": "{1}을(를) 받으려면 이 메시지에 {0} 리액션을 추가하세요.",
    "gambling_flowerreaction_footer": "이 이벤트는 최대 {0}시간 동안 활성화됩니다.",
    "gambling_flowerreaction_title": "플라워 리액션 이벤트가 시작되었습니다.",
    "gambling_gifted": "님이 {1}에게 {0}개를 선물하셨습니다.",
    "gambling_has": "{0}님은 {1}개를 보유중입니다. ",
    "gambling_heads": "앞면",
    "gambling_leaderboard": "리더보드",
    "gambling_mass_award": "{2} 역할의 {1}명의 사용자에게 {0}을(를) 보상하였습니다.",
    "gambling_max_bet_limit": "{0}보다 더 배팅 할 수 없습니다.",
    "gambling_min_bet_limit": "{0}보다 적게 배팅 할 수 없습니다.",
    "gambling_not_enough": "당신은 충분한 {0}이(가) 없습니다.",
    "gambling_no_more_cards": "덱에 더 이상 카드가 없습니다.",
    "gambling_raffled_user": "래플 결과",
    "gambling_roll": "{0} 를 굴렸습니다.",
    "gambling_slot_bet": "배팅",
    "gambling_slot_jackpot": "대박!!! 축하합니다!!! x{0}",
    "gambling_slot_single": "{0} 한 개를 맞추셨네요! x{1}",
    "gambling_slot_three": "와! 운이 좋습니다! 트리플입니다! x{0}",
    "gambling_slot_two": "잘했습니다! {0} 두 개를 맞추셨습니다! - x{1}",
    "gambling_slot_won": "얻은 액수",
    "gambling_sneakygamestatus_desc": "사용자는 {0}을(를) 얻기 위해서 비밀 코드를 입력해야합니다.\n{1}초 동안 유효합니다. 아무에게도 알려주지 마세요.\n",
    "gambling_sneakygamestatus_end": "SneakyGame 이벤트가 종료되었습니다. {0}명의 사용자들이 보상을 받았습니다.",
    "gambling_sneakygamestatus_title": "SneakyGameStatus 이벤트가 시작되었습니다.",
    "gambling_tails": "뒷면",
    "gambling_take": "{1}에게서 {0}을(를) 성공적으로 빼앗았습니다.",
    "gambling_take_fail": "{1}님이 {2}만큼을 가지고있지 않기 때문에 {0}을(를) 회수 할 수 없습니다.",
    "help_back_to_toc": "목차로 돌아가기",
    "help_bot_owner_only": "봇 소유자만 가능합니다.",
    "help_channel_permission": "{0} 채널의 권한이 필요합니다.",
    "help_cmdlist_donate": "Patreon ( <{0}> ) 이나 Paypal ( <{1}> ) 을 통해서 프로젝트를 후원 할 수 있습니다.",
    "help_cmd_and_alias": "명령어와 가명",
    "help_commandlist_regen": "명령어 목록이 재생성되었습니다.",
    "help_commands_instr": "`{0}h 명령어이름`을 입력해서 특정 명령어에 대한 도움말을 볼 수 있습니다.\n예시 : `{0}h >8ball`",
    "help_command_not_found": "입력하신 명령어를 찾을 수 없습니다. 입력하시기 전에 유효한 명령어인지 확인해주세요.",
    "help_desc": "설명",
    "help_donate": "Patreon <{0}>이나\nPaypal <{1}>에서\nNadekoBot 프로젝트를 지원할 수 있습니다.\nDiscord 닉네임이나 ID를 메시지에 남겨 두는 것을 잊지 마세요.\n\n**감사합니다** ♥️",
    "help_guide": "**명령어 목록**: <{0}>\n**호스팅 가이드와 문서는 여기서 찾을 수 있습니다**: <{1}>",
    "help_list_of_commands": "명령어 목록",
    "help_list_of_modules": "모듈 목록",
    "help_modules_footer": "`{0}h 모듈이름`을 입력해서 특정 모듈에 대한 도움말을 볼 수 있습니다.\n예시 : `{0}cmds games`",
    "help_module_not_found": "그 모듈은 존재하지 않습니다.",
    "help_server_permission": "서버의 {0} 권한이 필요합니다.",
    "help_table_of_contents": "목차",
    "help_usage": "사용법",
    "nsfw_autohentai_started": "Autohentai 기능이 활성화되었습니다. 다음의 태그와 함께 {0}초마다 사진이 올라옵니다.\n태그 : {1}",
    "nsfw_tag": "태그",
    "gambling_animal_race": "동물 레이스",
    "gambling_animal_race_failed": "참가자가 충분히 없어서 시작하지 못했습니다.",
    "gambling_animal_race_full": "참가자가 모두 모였습니다! 즉시 시작하겠습니다.",
    "gambling_animal_race_join": "{0}이(가) {1}(으)로 참가했습니다.",
    "gambling_animal_race_join_bet": "{0}님이 {1}(으)로 참가하였고, {2}을(를) 걸었습니다!",
    "gambling_animal_race_join_instr": "{0}jr을 입력해서 레이스에 참가합니다.",
    "gambling_animal_race_starting": "20초 동안 기다리거나, 방이 가득 차면 시작됩니다.",
    "gambling_animal_race_starting_with_x": "{0}명의 참가자와 함께 시작합니다.",
    "gambling_animal_race_won": "{0}이(가) {1}(으)로 레이스를 이겼습니다!",
    "gambling_animal_race_won_money": "{0}이(가) {1}(으)로 레이스를 이겼고 {2}을(를) 획득했습니다!",
    "gambling_dice_invalid_number": "유효하지 않은 숫자입니다. 한번에 {0}-{1}개의 주사위를 던질 수 있습니다.",
    "gambling_dice_rolled": "님이 {0}을(를) 굴렸습니다.",
    "gambling_dice_rolled_num": "주사위 결과: {0}",
    "gambling_race_failed_starting": "레이스 시작에 실패했습니다. 다른 레이스가 진행중입니다.",
    "gambling_race_not_exist": "이 서버에 레이스가 존재하지 않습니다.",
    "gambling_second_larger_than_first": "두번째 숫자는 첫번째 숫자보다 큰 숫자여야 합니다.",
    "gambling_changes_of_heart": "마음의 변화",
    "gambling_claimed_by": "요구한 사람",
    "gambling_divorces": "이혼",
    "gambling_likes": "좋아하는 사람",
    "gambling_price": "값",
    "gambling_waifus_none": "아무 와이프도 요청되지 않았습니다.",
    "gambling_waifus_top_waifus": "최고의 와이프",
    "gambling_waifu_affinity_already": "당신의 친밀감이 이미 그 와이프로 설정 되었거나 당신에게 친밀감이 없는 상태의 와이프에게 친밀감 삭제를 시도했습니다.",
    "gambling_waifu_affinity_changed": "친밀감이 {0}에서 {1}(으)로 변경되었습니다.\n\n*도덕성이 의심스럽습니다.*🤔",
    "gambling_waifu_affinity_cooldown": "친밀감을 다시 바꾸기 위해서는 {0}시간 {1}분을 기다려야합니다.",
    "gambling_waifu_affinity_reset": "당신의 친밀감은 초기화되었습니다. 당신이 좋아하는 사람은 더 이상 없습니다.",
    "gambling_waifu_affinity_set": "님이 {0}의 와이프가 되고싶어합니다.",
    "gambling_waifu_claimed": "님이 {1}에 {0}님을 와이프로 요구했습니다.",
    "gambling_waifu_divorced_like": "당신을 좋아하는 와이프와 이혼했습니다. {0}님이 보상금으로 {1}을(를) 받았습니다. ",
    "gambling_waifu_egomaniac": "자기 자신에게 친밀감을 설정 할 수 없습니다.",
    "gambling_waifu_fulfilled": "🎉 그들의 사랑이 성취되었습니다! 🎉\n{0}의 새로운 가치는 {1} 입니다!",
    "gambling_waifu_isnt_cheap": "그렇게 싼 와이프는 없습니다. 와이프를 얻기 위해서는 실제 가치보다 낮더라도 {0} 만큼을 지불해야합니다.",
    "gambling_waifu_not_enough": "와이프를 요구하기 위해서는 {0} 이상을 지불해야합니다!",
    "gambling_waifu_not_yours": "그 와이프는 당신의 와이프가 아닙니다.",
    "gambling_waifu_not_yourself": "자기자신을 클레임 할 수 없습니다.",
    "gambling_waifu_recent_divorce": "당신은 최근에 이혼하셨습니다. 다시 이혼하려면 {0} 시간 {1} 분을 기다려야 합니다.",
    "gambling_nobody": "아무도 없음",
    "gambling_waifu_divorced_notlike": "당신을 좋아하지 않는 와이프와 이혼했습니다. 당신은 {0}을 돌려받았습니다.",
    "games_8ball": "답",
    "games_acrophobia": "아크로포비아",
    "games_acro_ended_no_sub": "아무런 제출 없이 게임이 끝났습니다.",
    "games_acro_no_votes_cast": "아무도 투표하지 않았습니다. 승자없이 게임이 종료되었습니다.",
    "games_acro_nym_was": "머리글자는 {0} 이었습니다.",
    "games_acro_running": "아크로포비아 게임이 이미 이 채널에서 진행 중입니다.",
    "games_acro_started": "게임이 시작되었습니다. {0} 머리글자를 사용해서 문장 만드세요.",
    "games_acro_started_footer": "제출까지 {0}초 남았습니다.",
    "games_acro_submit": "{0}이(가) 그의 문장을 입력했습니다. (합계: {1})",
    "games_acro_vote": "제출하고자 하는 번호를 입력해서 투표를 하세요.",
    "games_acro_vote_cast": "{0}이(가) 투표했습니다!",
    "games_acro_winner": "우승자는 {1}포인트를 가진 {0} 입니다.",
    "games_acro_winner_only": "{0}님이 서버에서 유일한 제출자이기 때문에 승리했습니다.",
    "games_question": "질문\n",
    "games_rps_draw": "비겼습니다! 둘다 {0}을(를) 선택했습니다.",
    "games_rps_win": "{0}이(가) 승리했습니다! {1}은(는) {2}을(를) 이겼습니다.",
    "games_submissions_closed": "제출이 마감되었습니다.",
    "gambling_animal_race_already_started": "동물 레이스가 이미 진행 중입니다.",
    "gambling_total_average": "총합: {0} 평균: {1}",
    "games_category": "범주",
    "games_cleverbot_disabled": "이 서버에서 클레버봇을 비활성화하였습니다.",
    "games_cleverbot_enabled": "이 서버에서 클레버봇을 활성화하였습니다.",
    "games_curgen_disabled": "이 채널에서 통화 생성이 비활성화되었습니다.",
    "games_curgen_enabled": "이 채널에서 통화 생성이 활성화되었습니다.",
    "games_curgen_pl": "{0} 무작위 {1}이(가) 등장했습니다!",
    "games_curgen_sn": "무작위 {0}이(가) 등장했습니다!",
    "games_failed_loading_question": "질문 로딩에 실패하였습니다.",
    "games_game_started": "게임이 시작되었습니다",
    "games_hangman_game_started": "행맨 게임이 시작되었습니다",
    "games_hangman_running": "행맨 게임이 이미 시작되었습니다",
    "games_hangman_start_errored": "행맨 게임 시작에 오류가 발생하였습니다.",
    "games_hangman_types": "\"{0}hangman\" 용어 종류 목록",
    "games_leaderboard": "리더보드",
    "games_not_enough": "당신은 충분한 {0}이(가) 없습니다.",
    "games_no_results": "결과가 없습니다.",
    "games_picked": "이(가) {0}을(를) 뽑았습니다.",
    "games_planted": "{0}이(가) {1}을(를) 심었습니다.",
    "games_trivia_already_running": "이미 이 서버에서 트리비아 게임이 진행중입니다.",
    "games_trivia_game": "트리비아 게임",
    "games_trivia_guess": "{0}님이 맞췄습니다! 답은 {1} 입니다.",
    "games_trivia_none": "이 서버에서 진행중인 트리비아 게임이 없습니다.",
    "games_trivia_points": "{0}이(가) {1}포인트를 갖고있습니다.",
    "games_trivia_stopping": "이 질문 후에 중지합니다.",
    "games_trivia_times_up": "시간초과! 정확한 답은 {0} 입니다.",
    "games_trivia_win": "{0}님이 맞춰서 게임을 이겼습니다! 답은 {1} 입니다.",
    "games_ttt_against_yourself": "당신을 상대로 플레이 할 수 없습니다.",
    "games_ttt_already_running": "이미 이 채널에서 TicTacToe 게임이 진행중입니다.",
    "games_ttt_a_draw": "비겼습니다!",
    "games_ttt_created": "님이 TicTacToe 게임을 생성하였습니다.",
    "games_ttt_has_won": "{0}님이 이겼습니다!",
    "games_ttt_matched_three": "3개 일치",
    "games_ttt_no_moves": "더 이상 움직일 수 없습니다!",
    "games_ttt_time_expired": "시간이 만료되었습니다!",
    "games_ttt_users_move": "{0}의 이동",
    "games_vs": "{0} 대 {1}",
    "music_attempting_to_queue": "{0}개의 곡을 대기열에 추가하는 중...",
    "music_autoplay_disabled": "자동재생이 비활성화되었습니다. ",
    "music_autoplay_enabled": "자동재생이 활성화되었습니다. ",
    "music_defvol_set": "기본 음량이 {0}%로 설정되었습니다.",
    "music_dir_queue_complete": "디렉토리 대기열 추가가 완료되었습니다.",
    "music_fairplay": "페어플레이",
    "music_finished_song": "재생 완료",
    "music_fp_disabled": "페어플레이가 비활성화되었습니다.",
    "music_fp_enabled": "페어플레이가 활성화되었습니다.",
    "music_from_position": "원레 위치",
    "music_id": "ID",
    "music_invalid_input": "유효하지 않은 입력입니다.",
    "music_max_playtime_none": "이제 최대 재생시간에 제한이 없습니다.",
    "music_max_playtime_set": "최대 재생시간이 {0}초로 설정되었습니다.",
    "music_max_queue_unlimited": "이제 음악 대기열 크기는 제한이 없습니다.",
    "music_max_queue_x": "음악 대기열 크기가 {0}곡으로 변경되었습니다.",
    "music_must_be_in_voice": "당신은 이 서버의 음성채널에 있어야 합니다.",
    "music_name": "이름",
    "music_now_playing": "현재 재생 중",
    "music_no_player": "재생중인 곡이 없습니다.",
    "music_no_search_results": "검색 결과가 없습니다.",
    "music_paused": "음악 재생이 일시정지되었습니다.",
    "music_player_queue": "음악 대기열 - {0}/{1} 페이지",
    "music_playing_song": "노래 재생 중",
    "music_playlists": "`#{0}` - {2}님의 재생목록 **{1}** ({3} 곡)",
    "music_playlists_page": "저장된 재생목록의 {0}번째 페이지",
    "music_playlist_deleted": "재생목록이 삭제되었습니다.",
    "music_playlist_delete_fail": "재생목록 삭제에 실패했습니다. 존재하지 않거나, 당신이 재생목록의 저자가 아닙니다.",
    "music_playlist_id_not_found": "그 ID에 해당하는 재생목록이 존재하지 않습니다.",
    "music_playlist_queue_complete": "재생목록 대기열 추가 완료.",
    "music_playlist_saved": "재생목록이 저장되었습니다.",
    "music_play_limit": "{0}초 한계",
    "music_queue": "대기열",
    "music_queued_song": "대기열에 추가됨",
    "music_queue_cleared": "음악 대기열이 초기화되었습니다.",
    "music_queue_full": "대기열이 {0}/{0}으(로) 가득찼습니다.",
    "music_removed_song": "곡 삭제됨",
    "music_repeating_cur_song": "현재 곡을 반복재생합니다.",
    "music_repeating_playlist": "현재 재생목록을 반복재생합니다.",
    "music_repeating_track": "현재 트랙을 반복재생합니다.",
    "music_repeating_track_stopped": "현재 트랙 반복이 중지되었습니다.",
    "music_resumed": "음악 재생이 재개되었습니다.",
    "music_rpl_disabled": "재생목록 반복이 비활성화되었습니다.",
    "music_rpl_enabled": "재생목록 반복이 활성화되었습니다.",
    "music_set_music_channel": "앞으로 재생 중, 완료, 일시정지, 삭제된 곡들을 이 채널에 출력합니다.",
    "music_skipped_to": "`{0}:{1}`로 이동하였습니다.",
    "music_song_moved": "곡이 이동되었습니다.",
    "music_time_format": "{0}시간 {1}분 {2}초",
    "music_to_position": "바뀐 위치",
    "music_unlimited": "무제한",
    "music_volume_input_invalid": "음량은 0과 100 사이의 값이여야 합니다. ",
    "music_volume_set": "음량이 {0}% 로 설정되었습니다.",
    "permissions_acm_disable": "{0} 채널에서 모든 모듈의 사용을 비활성화했습니다.",
    "permissions_acm_enable": "{0} 채널에서 모든 모듈의 사용을 활성화했습니다.",
    "permissions_allowed": "허락함",
    "permissions_arm_disable": "{0} 역할에게 모든 모듈의 사용을 비활성화했습니다.",
    "permissions_arm_enable": "{0} 역할에게 모든 모듈의 사용을 활성화했습니다.",
    "permissions_asm_disable": "이 서버에서 모든 모듈의 사용을 비활성화했습니다.",
    "permissions_asm_enable": "이 서버에서 모든 모듈의 사용을 활성화했습니다.",
    "permissions_aum_disable": "{0} 사용자에 대한 모든 모듈의 사용을 비활성화합니다.",
    "permissions_aum_enable": "{0} 사용자에 대한 모든 모듈의 사용을 활성화합니다.",
    "permissions_blacklisted": "{0} (ID {1})님을 블랙리스트 목록에 추가했습니다",
    "permissions_cmdcd_add": "명령어 {0}은(는) 이제 {1}초 재사용 대기시간이 있습니다.",
    "permissions_cmdcd_cleared": "이제 명령어 {0}이(가) 재사용 대기시간이 없고 기존의 모든 재사용 대기시간이 삭제되었습니다.",
    "permissions_cmdcd_none": "명령어 재사용 대기시간이 설정되지 않았습니다.",
    "permissions_command_costs": "명령어 값",
    "permissions_cx_disable": "채널 {2}에서 {0} {1}의 사용을 비활성화시켰습니다.",
    "permissions_cx_enable": "채널 {2}에서 {0} {1}의 사용을 활성화시켰습니다.",
    "permissions_denied": "거절함",
    "permissions_filter_word_add": "필터링 된 단어 목록에 {0}을(를) 추가했습니다.",
    "permissions_filter_word_list": "필터링 된 단어 목록",
    "permissions_filter_word_remove": "필터링 된 단어 목록에서 {0}을(를) 삭제했습니다.",
    "permissions_invalid_second_param_between": "유효하지 않은 두번째 파라미터입니다. ({0}와(과) {1}사이의 숫자여야 합니다.)",
    "permissions_invite_filter_channel_off": "초대 필터링이 이 채널에서 비활성화되었습니다.",
    "permissions_invite_filter_channel_on": "초대 필터링이 이 채널에서 활성화되었습니다.",
    "permissions_invite_filter_server_off": "초대 필터링이 이 서버에서 비활성화되었습니다.",
    "permissions_invite_filter_server_on": "초대 필터링이 이 서버에서 활성화되었습니다.",
    "permissions_moved_permission": "{0} 권한을 #{1}에서 #{2}(으)로 이동했습니다.",
    "permissions_not_found": "색인 #{0}에 대한 권한을 찾을 수 없습니다.",
    "permissions_no_costs": "아무런 값이 설정되지 않았습니다.",
    "permissions_of_command": "명령어",
    "permissions_of_module": "모듈",
    "permissions_page": "권한 목록 {0} 페이지",
    "permissions_permrole": "현재 권한 역할은 {0} 입니다.",
    "permissions_permrole_changed": "이제 사용자가 권한 수정을 위해서는 {0} 권한이 필요합니다.",
    "permissions_perm_out_of_range": "그 색인에 대한 권한을 찾을 수 없습니다.",
    "permissions_removed": "#{0} - {1} 권한을 삭제했습니다.",
    "permissions_rx_disable": "{2} 역할에 대한 {0} {1}의 사용을 비활성화했습니다.",
    "permissions_rx_enable": "{2} 역할에 대한 {0} {1}의 사용을 활성화했습니다.",
    "permissions_sec": "초.",
    "permissions_sx_disable": "이 서버에서 {0} {1}의 사용을 비활성화했습니다.",
    "permissions_sx_enable": "이 서버에서 {0} {1}의 사용을 활성화했습니다.",
    "permissions_unblacklisted": "{0} (ID {1} )님을 블랙리스트 목록에서 삭제하였습니다.",
    "permissions_uneditable": "수정불가",
    "permissions_ux_disable": "{2} 사용자의 {0} {1}의 사용을 비활성화했습니다.",
    "permissions_ux_enable": "{2} 사용자의 {0} {1}의 사용을 활성화했습니다.",
    "permissions_verbose_false": "더 이상 권한 경고를 표시하지 않습니다.",
    "permissions_verbose_true": "앞으로 권한 경고를 표시합니다.",
    "permissions_word_filter_channel_off": "단어 필터링이 이 채널에서 비활성화되었습니다.",
    "permissions_word_filter_channel_on": "단어 필터링이 이 채널에서 활성화되었습니다.",
    "permissions_word_filter_server_off": "단어 필터링이 이 서버에서 비활성화되었습니다.",
    "permissions_word_filter_server_on": "단어 필터링이 이 서버에서 활성화되었습니다.",
    "searches_abilities": "능력",
    "searches_anime_no_fav": "좋아하는 애니메이션이 없습니다.",
    "searches_atl_ad_started": "이 채널 메시지의 자동번역을 시작합니다. 사용자의 메시지는 자동삭제 됩니다.",
    "searches_atl_removed": "당신의 자동번역 언어가 제거되었습니다.",
    "searches_atl_set": "당신의 자동번역 언어가 {0}>{1}으(로) 설정되었습니다.",
    "searches_atl_started": "이 채널의 자동번역을 시작합니다.",
    "searches_atl_stopped": "이 채널의 자동번역을 중지합니다.",
    "searches_bad_input_format": "올바르지 않은 입력 포맷이거나 무언가가 잘못되었습니다.",
    "searches_card_not_found": "그 카드를 찾을 수 없습니다.",
    "searches_catfact": "사실",
    "searches_chapters": "챕터",
    "searches_comic_number": "만화 #",
    "searches_compet_loses": "경쟁전 패배",
    "searches_compet_played": "경쟁전 플레이",
    "searches_compet_rank": "경쟁전 랭크",
    "searches_compet_wins": "경쟁전 승리",
    "searches_completed": "완료",
    "searches_condition": "조건",
    "searches_cost": "값",
    "searches_date": "날짜",
    "searches_define": "정의:",
    "searches_dropped": "시청 종료",
    "searches_episodes": "에피소드",
    "searches_error_occured": "오류가 발생했습니다.",
    "searches_example": "예시",
    "searches_failed_finding_anime": "애니메이션 검색에 실패했습니다.",
    "searches_failed_finding_manga": "만화 검색에 실패했습니다.",
    "searches_genres": "장르",
    "searches_hashtag_error": "해당 태그에 대한 정의를 찾지 못했습니다.",
    "searches_height_weight": "키/무게",
    "searches_height_weight_val": "{0}m/{1}kg",
    "searches_humidity": "습도",
    "searches_image_search_for": "이미지 검색:",
    "searches_imdb_fail": "영화 검색에 실패했습니다.",
    "searches_invalid_lang": "유효하지 않은 소스 또는 언어입니다.",
    "searches_jokes_not_loaded": "농담이 로드되지 않았습니다.",
    "searches_latlong": "위도/경도",
    "searches_level": "레벨",
    "searches_list_of_place_tags": "{0}place 태그 목록",
    "searches_location": "위치",
    "searches_magicitems_not_loaded": "마법 아이템이 로드되지 않습니다.",
    "searches_mal_profile": "{0}의 MAL 프로필",
    "searches_mashape_api_missing": "봇의 소유자가 MashapeApiKey를 설정하지 않아서 이 기능을 사용 할 수 없습니다.",
    "searches_min_max": "최소/최대",
    "searches_no_channel_found": "채널을 찾을 수 없습니다",
    "searches_no_results": "결과를 찾을 수 없습니다.",
    "searches_on_hold": "보류",
    "searches_original_url": "원본 Url",
    "searches_osu_api_key": "osu! API키가 필요합니다.",
    "searches_osu_failed": "osu! 정보 검색에 실패했습니다.",
    "searches_over_x": "{0}개 이상의 이미지가 발견되었습니다. 무작위로 {0}개를 표시합니다.",
    "searches_ow_user_not_found": "사용자를 찾을 수 없습니다! 다시 시도하기 전에 지역과 배틀태그를 확인해주세요.",
    "searches_plan_to_watch": "볼 예정",
    "searches_platform": "플랫폼",
    "searches_pokemon_ability_none": "능력을 찾을 수 없습니다.",
    "searches_pokemon_none": "포케몬을 찾을 수 없습니다.",
    "searches_profile_link": "프로필 링크:",
    "searches_quality": "품질:",
    "searches_quick_playtime": "빠른대전 플레이 시간",
    "searches_quick_wins": "빠른대전 승리",
    "searches_rating": "레이팅",
    "searches_score": "점수:",
    "searches_search_for": "검색 쿼리:",
    "searches_shorten_fail": "Url 단축에 실패했습니다.",
    "searches_short_url": "Url 단축",
    "searches_something_went_wrong": "무언가가 잘못되었습니다.",
    "searches_specify_search_params": "검색어를 입력해주세요.",
    "searches_status": "상태",
    "searches_store_url": "상점 url",
    "searches_streamer_offline": "스트리머 {0}은(는) 오프라인입니다.",
    "searches_streamer_online": "스트리머 {0}은(는) {1}명의 시청자와 함께 온라인입니다.",
    "searches_streams_following": "당신은 이 서버에서 {0}개의 스트리밍을 팔로우 중입니다.",
    "searches_streams_none": "당신은 이 서버에서 어떠한 스트리밍도 팔로우하지 않았습니다.",
    "searches_stream_no": "스트리밍이 없습니다.",
    "searches_stream_not_exist": "스트리밍 속성이 존재하지 않습니다.",
    "searches_stream_removed": "{0}의 스트리밍 ({1})을 알림에서 삭제했습니다.",
    "searches_stream_tracked": "상태가 변경되면 이 채널에 알립니다.",
    "searches_sunrise": "일출",
    "searches_sunset": "일몰",
    "searches_temperature": "온도",
    "searches_title": "제목:",
    "searches_top_3_fav_anime": "좋아하는 상위 3개 애니:",
    "searches_translation": "번역 결과:",
    "searches_types": "종류",
    "searches_ud_error": "해당 용어에 대한 정의를 찾지 못했습니다.",
    "searches_url": "Url",
    "searches_viewers": "시청자",
    "searches_watching": "시청중",
    "searches_wikia_error": "해당 용어에 대한 특정 Wikia를 찾지 못했습니다.",
    "searches_wikia_input_error": "목적 Wikia를 입력하고 검색 쿼리를 입력하세요.",
    "searches_wiki_page_not_found": "페이지를 찾지 못했습니다.",
    "searches_wind_speed": "바람의 속도",
    "searches_x_most_banned_champs": "{0}번째로 많은 밴을 당한 챔피언",
    "searches_yodify_error": "당신의 문장을 Yodify하지 못했습니다.",
    "utiliity_joined": "입장",
    "utility_activity_line": "`{0}.` {1} [{2:F2}/초] - 합계 {3}",
    "utility_activity_page": "활성 페이지 #{0}",
    "utility_activity_users_total": "총 {0}명의 사용자.",
    "utility_author": "저자",
    "utility_botid": "봇 ID",
    "utility_calcops": "{0}calc 명령어의 기능 목록",
    "utility_channelid": "이 채널의 {0}은(는) {1} 입니다.",
    "utility_channel_topic": "채널 주제",
    "utility_commands_ran": "실행된 명령어",
    "utility_convert": "{0} {1}은(는) {2} {3}와(과) 같습니다. ",
    "utility_convertlist": "변환기에서 사용할수있는 단위",
    "utility_convert_not_found": "단위를 찾지 못해서 {0}을(를) {1}(으)로 변환 할 수 없습니다.",
    "utility_convert_type_error": "단위의 종류가 같지 않기때문에 {0}을(를) {1}(으)로 변환 할 수 없습니다.",
    "utility_created_at": "생성 시간",
    "utility_custom_emojis": "커스텀 이모지",
    "utility_error": "오류",
    "utility_features": "기능",
    "utility_id": "아이디",
    "utility_index_out_of_range": "색인이 범위를 벗어났습니다.",
    "utility_inrole_list": "{0} 역할의 사용자 목록",
    "utility_inrole_not_allowed": "악용을 막기위해서 많은 사용자가 있는 역할의 이 명령어 사용이 제한되었습니다.",
    "utility_invalid_value": "유효하지 않은 {0} 값입니다.",
    "utility_joined_discord": "디스코드 가입일",
    "utility_joined_server": "서버 가입일",
    "utility_listservers": "ID: {0}\n맴버: {1}\n소유자 ID: {2}",
    "utility_listservers_none": "이 페이지에서 서버를 찾을 수 없습니다.",
    "utility_list_of_repeaters": "메시지 반복 목록",
    "utility_members": "맴버",
    "utility_memory": "메모리",
    "utility_messages": "메시지",
    "utility_message_repeater": "메시지 반복",
    "utility_name": "이름",
    "utility_nickname": "닉네임",
    "utility_nobody_playing_game": "아무도 그 게임을 플레이하고 있지 않습니다.",
    "utility_no_active_repeaters": "활성화된 리피터가 없습니다.",
    "utility_no_roles_on_page": "이 페이지에 역할이 없습니다.",
    "utility_no_shards_on_page": "이 페이지에 Shard가 없습니다.",
    "utility_no_topic_set": "주제가 설정되지 않았습니다.",
    "utility_owner": "소유자",
    "utility_owner_ids": "소유자의 ID",
    "utility_presence": "상태",
    "utility_presence_txt": "{0} 서버\n{1} 텍스트 채널\n{2} 음성 채널",
    "utility_quotes_deleted": "{0} 키워드를 가진 모든 인용구를 삭제했습니다.",
    "utility_quotes_page": "인용구 페이지 {0}",
    "utility_quotes_page_none": "그 페이지에 인용구를 찾지 못했습니다.",
    "utility_quotes_remove_none": "삭제 할 수 있는 인용구를 찾지못했습니다.",
    "utility_quote_added": "인용구가 추가되었습니다.",
    "utility_quote_deleted": "인용구 #{0}이(가) 삭제되었습니다.",
    "utility_region": "지역",
    "utility_registered_on": "가입 날짜",
    "utility_remind": "{2}후에 {0}에게 {1}을(를) 상기시킵니다.  `({3:d.M.yyyy.} {4:HH:mm})`",
    "utility_remind_invalid_format": "유효하지 않은 시간 포맷입니다. 명령어 목록을 확인하세요.",
    "utility_remind_template": "새로운 상기 템플릿이 설정되었습니다.",
    "utility_repeater": "{0}을(를) {1}일 {2}시간 {3}분마다 반복합니다.",
    "utility_repeaters_list": "반복 메시지 목록",
    "utility_repeaters_none": "이 서버에 반복 메시지가 실행하고있지 않습니다.",
    "utility_repeater_stopped": "#{0}이(가) 정지되었습니다.",
    "utility_repeat_invoke_none": "이 서버에서 반복 메시지를 찾을 수 없습니다.",
    "utility_result": "결과",
    "utility_roles": "역할",
    "utility_roles_all_page": "이 서버의 모든 역할 페이지 #{0} :",
    "utility_roles_page": "{1} 역할에 대한 페이지 #{0}",
    "utility_rrc_no_colors": "색상 포맷이 정확하지 않습니다. 예를들어 `#00FF00`을 사용해보세요.",
    "utility_rrc_start": "{0} 역할의 색상 로테이션을 시작했습니다.",
    "utility_rrc_stop": "{0} 역할의 색상 로테이션을 중지했습니다.",
    "utility_serverid": "이 서버의 {0}은(는) {1} 입니다.",
    "utility_server_info": "서버 정보",
    "utility_shard": "Shard",
    "utility_shard_stats": "Shard 통계",
    "utility_shard_stats_txt": "Shard **#{0}**이 {1} 상태이고 {2} 서버에 있습니다.",
    "utility_showemojis": "**이름:** {0} **링크:** {1}",
    "utility_showemojis_none": "특수 이모지를 찾을 수 없습니다.",
    "utility_stats_songs": "{0}개의 곡을 재생중이며, {1}개의 대기열이 있습니다.",
    "utility_text_channels": "텍스트 채널",
    "utility_togtub_room_link": "방 링크:",
    "utility_uptime": "작동 시간",
    "utility_userid": "{1}의 {0}은(는) {2} 입니다.",
    "utility_users": "사용자",
    "utility_voice_channels": "음성 채널",
    "gambling_animal_race_already_in": "당신은 이미 레이스에 참가했습니다.",
    "games_current_poll_results": "현재 투표 결과",
    "games_no_votes_cast": "진행중인 투표가 없습니다.",
    "games_poll_already_running": "이 서버에서 이미 투표가 진행되고있습니다.",
    "games_poll_created": "📃 {0}님이 투표를 생성하였습니다.",
    "games_poll_result": "`{0}.` {1}이(가) {2}표를 획득하였습니다.",
    "games_poll_voted": "{0}님이 투표하였습니다.",
    "games_poll_vote_private": "해당 답변 번호와 함께 개인 메시지를 보내세요.",
    "games_poll_vote_public": "해당 답변 번호와 함께 여기에 메시지를 보내세요.",
    "games_thanks_for_voting": "{0}님, 투표해주셔서 감사합니다",
    "games_x_votes_cast": "{0}개의 표가 투표되었습니다.",
    "games_pick_pl": "`{0}pick`을 입력해서 획득하세요.",
    "games_pick_sn": "`{0}pick`을 입력해서 획득하세요.",
    "gambling_no_users_found": "사용자를 찾지 못했습니다.",
    "gambling_page": "{0}페이지",
    "administration_must_be_in_voice": "이 서버의 음성 채널에 있어야합니다.",
    "administration_no_vcroles": "음성채널 역할이 없습니다.",
    "administration_user_muted_time": "{0}은(는) 음성과 텍스트 채팅으로 부터 {1} 분간 **음소거**되었습니다.",
    "administration_vcrole_added": "음성채널 {0}에 입장하는 사용자는 {1} 역할을 얻게됩니다.",
    "administration_vcrole_removed": "음성채널 {0}에 입장하는 사용자는 더 이상 역할을 얻지 못합니다.",
    "administration_vc_role_list": "음성채널 역할",
    "customreactions_crad_disabled": "ID {0} 커스텀 리액션을 작동시키는 메시지는 자동삭제되지 않습니다.",
    "customreactions_crad_enabled": "ID {0} 커스텀 리액션을 작동시키는 메시지는 자동삭제됩니다.",
    "customreactions_crdm_disabled": "이제 ID {0} 커스텀 리액션에 대한 반응은 DM으로 전송되지 않습니다.",
    "customreactions_crdm_enabled": "ID {0} 커스텀 리액션에 대한 반응은 DM으로 전송됩니다.",
    "utility_aliases_none": "가명을 찾지 못했습니다.",
    "utility_alias_added": "{0}을(를) 입력하면 이제 {1}이(가) 입력됩니다.",
    "utility_alias_list": "가명 목록",
    "utility_alias_removed": "트리거 {0}의 가명을 삭제했습니다.",
    "utility_alias_remove_fail": "트리거 {0}은(는) 가명이 없었습니다.",
    "searches_compet_playtime": "경쟁전 플레이 시간",
    "administration_channel": "채널",
    "administration_command_text": "명령어 텍스트",
    "administration_kicked_pl": "강퇴",
    "administration_moderator": "관리자",
    "administration_page": "{0}페이지",
    "administration_reason": "사유",
    "administration_scadd": "새로운 시작 명령어가 추가되었습니다.",
    "administration_scrm": "시작 명렁어가 성공적으로 삭제되었습니다.",
    "administration_scrm_fail": "시작 명령어를 찾을 수 없습니다.",
    "administration_server": "서버",
    "administration_startcmdlist_none": "이 페이지에는 시작 명령어가 없습니다.",
    "administration_startcmds_cleared": "모든 시작 명령어를 삭제했습니다.",
    "administration_unbanned_user": "사용자 {0}님이 밴에서 해제되었습니다.",
    "administration_user_not_found": "사용자를 찾을 수 없습니다.",
    "administration_user_warned": "사용자 {0}님이 경고를 받았습니다.",
    "administration_user_warned_and_punished": "사용자 {0}님이 경고를 받았고, {1} 처벌이 적용되었습니다.",
    "administration_warned_on": "{0} 서버에서 경고를 받았습니다.",
    "administration_warned_on_by": "{0} {1}에 {2}이(가)",
    "administration_warnings_cleared": "{0}님이 모든 경고를 삭제했습니다.",
    "administration_warnings_none": "이 페이지에는 경고가 없습니다.",
    "administration_warnlog_for": "{0}의 경고 기록",
    "administration_warnpl_none": "처벌이 설정되지 않았습니다.",
    "administration_warn_cleared_by": "{0}님이 초기화했습니다.",
    "administration_warn_punish_list": "경고 처벌 목록",
    "administration_warn_punish_rem": "{0}개의 경고를 받은 사용자에 대한 처벌을 하지않습니다.",
    "administration_warn_punish_set": "{1}개의 경고를 받은 사용자에게 {0} 처벌을 내립니다.",
    "administration_slowmodewl_role_start": "이제 슬로우모드는 {0} 역할에게 적용되지 않습니다.",
    "administration_slowmodewl_role_stop": "이제 슬로우모드는 {0} 역할에게 적용됩니다.",
    "administration_slowmodewl_user_start": "이제 슬로우모드는 {0}님에게 적용되지 않습니다.",
    "administration_slowmodewl_user_stop": "이제 슬로우모드는 {0}님에게 적용됩니다.",
    "utility_clpa_fail": "다음과 같은 이유로 인해서 보상을 요청하지 못했습니다.",
    "utility_clpa_fail_already": "당신은 이미 이번달의 보상을 받은 것 같습니다. 당신의 후원금을 올리지 않는 이상 한 달에 한 번만 보상을 받을 수 있습니다. ",
    "utility_clpa_fail_already_title": "이미 지급되었습니다",
    "utility_clpa_fail_conn": "당신의 디스코드 계정이 Patreon에 연결되지 않았습니다. 이것이 무슨 뜻인지 모르거나, 어떻게 연결하는지 모른다면,\n[Patreon 계정 설정 페이지] (https://patreon.com/settings/account)에 접속해서 'Connect to discord' 버튼을 클릭하세요.",
    "utility_clpa_fail_conn_title": "디스코드 계정이 연결되지 않았습니다",
    "utility_clpa_fail_sup": "보상을 받을 수 있는 자격을 얻기 위해서는 Patreon에서 프로젝트를 후원해야 합니다. {0} 명령어를 이용해서 링크를 얻을 수 있습니다.",
    "utility_clpa_fail_sup_title": "후원 중이지 않습니다",
    "utility_clpa_fail_wait": "후원을 한 후에 몇 시간을 기다려야합니다, 그렇지 않다면 나중에 다시 시도해주세요.",
    "utility_clpa_fail_wait_title": "잠시만 기다려주세요",
    "utility_clpa_success": "{0}을(를) 받았습니다. 프로젝트를 후원 해주셔서 감사합니다!",
    "utility_clpa_too_early": "보상은 매 달 5일에 요구 할 수 있습니다.",
    "searches_time": "{0}의 시간은 {1} - {2} 입니다.",
    "administration_rh": "표시되는 길드 역할을 {0}에서 {1}(으)로 설정했습니다.",
    "gambling_name": "이름",
    "gambling_shop": "상점",
    "gambling_shop_item_add": "상점 아이템이 추가되었습니다.",
    "gambling_shop_none": "이 페이지에서 상점 아이템을 찾을 수 없습니다.",
    "gambling_shop_role": "당신은 {0} 역할을 얻게 될 것 입니다.",
    "gambling_type": "종류",
    "utility_clpa_next_update": "다음 업데이트는 {0}에 됩니다.",
    "administration_gvc_disabled": "이 서버에서 게임 음성 채널 기능이 비활성화되었습니다.",
    "administration_gvc_enabled": "이제 {0}이(가) 게임 음성 채널입니다.",
    "administration_not_in_voice": "당신은 이 서버의 음성 채널에 있지 않습니다.",
    "gambling_item": "아이템",
    "gambling_out_of_stock": "품절되었습니다.",
    "gambling_random_unique_item": "램덤 희귀 아이템",
    "gambling_shop_buy_error": "아이템 DM에 오류가 발생하여서 환불되었습니다.",
    "gambling_shop_item_not_found": "해당 색인에 대한 아이템을 찾을 수 없습니다.",
    "gambling_shop_item_purchase": "아이템 결제가 완료되었습니다.",
    "gambling_shop_item_rm": "상점 아이템이 삭제되었습니다.",
    "gambling_shop_item_wrong_type": "해당 상점 품목은 아이템 추가를 지원하지 않습니다.",
    "gambling_shop_list_item_added": "아이템이 성공적으로 추가되었습니다.",
    "gambling_shop_list_item_not_unique": "그 아이템은 이미 추가되었습니다.",
    "gambling_shop_purchase": "{0} 서버에서 구매했습니다",
    "gambling_shop_role_not_found": "판매된 역할이 더 이상 존재하지 않습니다.",
    "gambling_shop_role_purchase": "성공적으로 {0} 역할을 구매하였습니다.",
    "gambling_shop_role_purchase_error": "역할 지정에 오류가 발생해서 환불되었습니다.",
    "gambling_unique_items_left": "{0}개의 희귀한 아이템이 남았습니다.",
    "permissions_blocked_commands": "차단된 명령어",
    "permissions_blocked_modules": "차단된 모듈",
    "permissions_gcmd_add": "모든 서버에서 {0} 명령어가 비활성화되었습니다.",
    "permissions_gcmd_remove": "모든 서버에서 {0} 명령어가 활성화되었습니다.",
    "permissions_gmod_add": "모든 서버에서 {0} 모듈이 비활성화되었습니다.",
    "permissions_gmod_remove": "모든 서버에서 {0} 모듈이 활성화되었습니다.",
    "permissions_lgp_none": "차단된 명령어나 모듈이 없습니다.",
    "gambling_animal_race_no_race": "이 동물 레이스는 꽉 찼습니다!",
    "utility_cant_read_or_send": "당신은 그 채널에서 메시지를 보내거나 볼 수 없습니다.",
    "utility_quotes_notfound": "해당 ID에 일치하는 인용구를 찾을 수 없습니다.",
    "administration_prefix_current": "이 서버의 봇 명령어 접두사는 {0} 입니다.",
    "administration_prefix_new": "이 서버의 봇 명령어 접두사가 {0}에서 {1}(으)로 변경되었습니다.",
    "administration_defprefix_current": "기본 봇 명령어 접두사는 {0} 입니다.",
    "administration_defprefix_new": "기본 봇 명령어 접두사가 {0}에서 {1}(으)로 변경되었습니다.",
    "administration_bot_nick": "봇의 닉네임이 {0}(으)로 변경되었습니다.",
    "administration_user_nick": "사용자 {0}의 닉네임이 {1}(으)로 변경되었습니다.",
    "administration_timezone_guild": "이 길드의 시간대는 `{0}`입니다.",
    "administration_timezone_not_found": "시간대를 찾지 못했습니다. \"timezones\" 명령어를 통해서 가능한 시간대 목록을 볼 수 있습니다.",
    "administration_timezones_available": "가능한 시간대",
    "music_song_not_found": "음악을 찾지 못했습니다.",
    "searches_define_unknown": "해당 용어에 대한 정의를 찾을 수 없습니다.",
    "utility_repeater_initial": "이제 초기 반복 메시지는 {0}시간 {1}분 마다 전송됩니다.",
    "utility_verbose_errors_enabled": "잘못 사용된 명령어는 이제 오류를 표시합니다.",
    "utility_verbose_errors_disabled": "잘못 사용된 명령어는 이제 오류를 표시하지 않습니다.",
    "permissions_perms_reset": "이 서버에서 권한을 초기화했습니다.",
    "permissions_trigger": "권한 #{0} {1}이(가) 이 행동을 금지하고 있습니다.",
    "administration_migration_error": "이주하는 동안 오류가 발생했습니다. 자세한 정보는 봇의 콘솔 확인하십시오.",
    "searches_hex_invalid": "유효하지 않은 색입니다.",
    "permissions_global_perms_reset": "모든 서버의 권한을 초기화했습니다.",
    "help_module": "모듈: {0}",
    "games_hangman_stopped": "행맨 게임이 정지되었습니다.",
    "music_autoplaying": "자동재생",
    "music_queue_stopped": "플레이어가 멈췄습니다. {0} 명령어를 사용하여 다시 시작하세요.",
    "music_removed_song_error": "해당 색인에 노래가 없습니다.",
    "music_shuffling_playlist": "노래들을 섞는 중...",
    "music_songs_shuffle_enable": "지금부터 노래들을 섞습니다.",
    "music_songs_shuffle_disable": "노래들을 더 이상 섞지 않습니다.",
    "music_song_skips_after": "노래들을 {0}초 후에 스킵합니다.",
    "administration_warnings_list": "이 서버의 경고받은 사용자 목록",
    "customreactions_redacted_too_long": "너무 길기 때문에 편집했습니다.",
    "nsfw_blacklisted_tag_list": "블랙리스트 된 태그 목록",
    "nsfw_blacklisted_tag": "당신이 입력한 태그 중 하나 이상의 태그가 블랙리스트에 있습니다.",
    "nsfw_blacklisted_tag_add": "NSFW 태그 {0}이(가) 블랙리스트에 추가 됬습니다.",
    "nsfw_blacklisted_tag_remove": "NSFW 태그 {0}은(는) 더 이상 블랙리스트가 아닙니다.",
    "gambling_waifu_gift": "{1}에게 {0}개를 선물하셨습니다",
    "gambling_waifu_gift_shop": "와이프 선물 가게",
    "gambling_gifts": "선물",
    "games_connect4_created": "Connect4 게임을 생성했습니다. 플레이어의 참여를 기다리는 중입니다.",
    "games_connect4_player_to_move": "",
    "games_connect4_failed_to_start": "아무도 게임에 참여하지 않아서 Connect4 게임 시작에 실패했습니다.",
    "games_connect4_draw": "Connect4 게임이 무승부로 끝났습니다.",
    "games_connect4_won": "{0}님이 {1}을 상대로 Connect4 게임을 이겼습니다.",
    "games_nunchi_joined": "눈치 게임에 참가했습니다. {0} 명의 사용자가 지금까지 참가했습니다.",
    "games_nunchi_ended": "눈치 게임이 종료되었습니다. {0}님이 이겼습니다",
    "games_nunchi_ended_no_winner": "눈치 게임이 승자없이 종료되었습니다.",
    "games_nunchi_started": "{0}명의 참가자와 함께 눈치 게임을 시작했습니다.",
    "games_nunchi_round_ended": "눈치 게임 라운드가 종료되었습니다. {0}님이 탈락했습니다.",
    "games_nunchi_round_ended_boot": "눈치 게임 라운드는 일부 사용자의 시간 초과로 종료되었습니다. 이 사용자는 여전히 게임 중입니다: {0}",
    "games_nunchi_round_started": "{0}명의 참가자와 함께 눈치 게임 라운드가 시작되었습니다. 숫자 {1}부터 시작합니다.",
    "games_nunchi_next_number": "숫자가 등록되었습니다. 마지막 숫자는 {0} 입니다.",
    "games_nunchi_failed_to_start": "충분한 플레이어가 없어서 눈치게임 시작에 실패했습니다.",
    "games_nunchi_created": "눈치게임이 생성되었습니다. 플레이어의 참여를 기다리는 중입니다.",
    "music_sad_enabled": "음악 재생이 완료되면 대기열에서 삭제됩니다.",
    "music_sad_disabled": "",
    "utility_stream_role_enabled": "",
    "utility_stream_role_disabled": "스트림 역할 기능이 비활성화되었습니다.",
    "utility_stream_role_kw_set": "이제 스트리머는 역할을 얻기위해 {0} 키워드가 필요합니다.",
    "utility_stream_role_kw_reset": "스트림 역할 키워드가 초기화되었습니다.",
    "utility_stream_role_bl_add": "{0}은(는) 절대 스트림 역할을 얻을 수 없습니다.",
    "utility_stream_role_bl_add_fail": "{0}은(는) 이미 블랙리스트에 추가됬습니다.",
    "utility_stream_role_bl_rem": "{0}은(는) 더 이상 블랙리스트에 속해있지 않습니다.",
    "utility_stream_role_bl_rem_fail": "{0}은(는) 블랙리스트에 속해있지 않습니다.",
    "utility_stream_role_wl_add": "",
    "utility_stream_role_wl_add_fail": "{0}은(는) 이미 화이트리스트에 추가되었습니다.",
    "utility_stream_role_wl_rem": "",
    "utility_stream_role_wl_rem_fail": "",
    "utility_bot_config_edit_fail": "",
    "utility_bot_config_edit_success": "",
    "customreactions_crca_disabled": "",
    "customreactions_crca_enabled": "",
    "xp_server_level": "서버 레벨",
    "xp_level": "레벨",
    "xp_club": "클럽",
    "xp_xp": "경험치",
    "xp_excluded": "",
    "xp_not_excluded": "",
    "xp_exclusion_list": "제외 목록",
    "xp_server_is_excluded": "이 서버가 제외 됐습니다",
    "xp_server_is_not_excluded": "이 서버가 제외되지 않습니다",
    "xp_excluded_roles": "",
    "xp_excluded_channels": "",
    "xp_level_up_channel": "",
    "xp_level_up_dm": "",
    "xp_level_up_global": "{0}님 축하드립니다, 글로벌 레벨 {1}을(를) 달성했습니다.",
    "xp_role_reward_cleared": "{0} 레벨에 도달해도 역할을 얻지않습니다.",
    "xp_role_reward_added": "{0} 레벨에 도달한 유저는 {1} 역할을 얻게됩니다.",
    "xp_role_rewards": "역할 보상",
    "xp_level_x": "레벨 {0}",
    "xp_no_role_rewards": "",
    "xp_server_leaderboard": "서버 XP 리더보드",
    "xp_global_leaderboard": "글로벌 XP 리더보드",
    "xp_modified": "",
    "xp_club_create_error": "",
    "xp_club_created": "",
    "xp_club_not_exists": "",
    "xp_club_applied": "",
    "xp_club_apply_error": "",
    "xp_club_accepted": "",
    "xp_club_accept_error": "사용자를 찾을 수 없습니다",
    "xp_club_left": "",
    "xp_club_not_in_club": "",
    "xp_club_user_kick": "",
    "xp_club_user_kick_fail": "",
    "xp_club_user_banned": "",
    "xp_club_user_ban_fail": "",
    "xp_club_user_unbanned": "",
    "xp_club_user_unban_fail": "",
    "xp_club_level_req_changed": "",
    "xp_club_level_req_change_error": "",
    "xp_club_disbanded": "",
    "xp_club_disband_error": "",
    "xp_club_icon_error": "",
    "xp_club_icon_set": "",
    "xp_club_bans_for": "{0} 클럽 밴 목록",
    "xp_club_apps_for": "",
    "xp_club_leaderboard": "클럽 리더보드 - 페이지 {0}"
}