{
    "clashofclans_base_already_claimed": "Quella base è già stata rivendicata o distrutta.",
    "clashofclans_base_already_destroyed": "Quella base è già distrutta.",
    "clashofclans_base_already_unclaimed": "Quella base non è stata rivendicata.",
    "clashofclans_base_destroyed": "**DISTRUTTA** base #{0} in una guerra contro {1}",
    "clashofclans_base_unclaimed": "{0} ha **NON RIVENDICATO** la base #{1} in una guerra contro {2}",
    "clashofclans_claimed_base": "{0} ha rivendicato la base #{1} in una guerra contro {2}",
    "clashofclans_claimed_other": "@{0} Hai già rivendicato la base #{1}. Non puoi rivendicarne un'altra.",
    "clashofclans_claim_expired": "La rivendicazione di @{0} in una guerra contro {1} è scaduta.",
    "clashofclans_enemy": "Nemico",
    "clashofclans_info_about_war": "Informazioni sulla guerra contro {0}",
    "clashofclans_invalid_base_number": "Numero della base invalido.",
    "clashofclans_invalid_size": "Dimensione della guerra non valida.",
    "clashofclans_list_active_wars": "Lista delle guerre in corso",
    "clashofclans_not_claimed": "non rivendicata",
    "clashofclans_not_partic": "Non stai partecipando a quella guerra",
    "clashofclans_not_partic_or_destroyed": "@{0} Non stai partecipando in quella guerra oppure quella base è già distrutta.",
    "clashofclans_no_active_wars": "Nessuna guerra in corso.",
    "clashofclans_size": "Dimensione",
    "clashofclans_war_already_started": "La guerra contro {0} è già iniziata.",
    "clashofclans_war_created": "Guerra contro {0} creata.",
    "clashofclans_war_ended": "Guerra contro {0} conclusa.",
    "clashofclans_war_not_exist": "Questa guerra non esiste.",
    "clashofclans_war_started": "Guerra contro {0} avviata!",
    "customreactions_all_stats_cleared": "Tutte le reazioni personalizzate sono state approvate.",
    "customreactions_deleted": "Reazione personalizzata cancellata",
    "customreactions_insuff_perms": "Permessi insufficienti. Bisogna essere proprietario del Bot per personalizzare le reazioni globali e l'amministratore del server per le personalizzare le reazioni del server.",
    "customreactions_list_all": "Lista di tutte le reazioni personalizzate",
    "customreactions_name": "Reazioni Personalizzate",
    "customreactions_new_cust_react": "Nuove Reazioni Personalizzate",
    "customreactions_no_found": "Nessuna reazione personalizzata trovata.",
    "customreactions_no_found_id": "Nessuna reazione personalizzata trovata con quell'id.",
    "customreactions_response": "Risposta",
    "customreactions_stats": "Statistiche Reazioni Personalizzate",
    "customreactions_stats_cleared": "Statistiche pulite per {0} reazioni personalizzate.",
    "customreactions_stats_not_found": "Nessuna statistica per questo innesco trovata, nessun azione presa.",
    "customreactions_trigger": "Innesco",
    "nsfw_autohentai_stopped": "Autohentai fermato.",
    "nsfw_not_found": "Nessun risultato trovato.",
    "pokemon_already_fainted": "{0} è già esausto.",
    "pokemon_already_full": "{0} ha già gli HP al massimo.",
    "pokemon_already_that_type": "Il tuo tipo è già {0}",
    "pokemon_attack": "ha usato {0}{1} su {2}{3} per {4} danni.",
    "pokemon_cant_attack_again": "Non puoi attaccare di nuovo senza subire una rappresaglia!",
    "pokemon_cant_attack_yourself": "Non puoi attaccare te stesso.",
    "pokemon_fainted": "{0} è esausto!",
    "pokemon_healed": "ha curato {0} con un {1}",
    "pokemon_hp_remaining": "{0} ha {1} HP rimasti.",
    "pokemon_invalid_move": "Non puoi usare {0}. Scrivi `{1}ml` per vedere la lista delle mosse che puoi usare.",
    "pokemon_moves": "Lista delle mosse per il tipo {0}",
    "pokemon_not_effective": "Non è efficace.",
    "pokemon_no_currency": "Non hai abbastanza {0}",
    "pokemon_revive_other": "ha resuscitato {0} con un {1}",
    "pokemon_revive_yourself": "Hai resuscitato te stesso con un {0}",
    "pokemon_settype_success": "Il tuo tipo è cambiato in {0} per un {1}",
    "pokemon_somewhat_effective": "È lievemente efficace.",
    "pokemon_super_effective": "È superefficace!",
    "pokemon_too_many_moves": "Hai usato troppe mosse di fila, quindi ora non puoi muoverti!",
    "pokemon_type_of_user": "Tipo di {0} è {1}",
    "pokemon_user_not_found": "Utente non trovato.",
    "pokemon_you_fainted": "Sei svenuto, non sei più in grado di muoverti!",
    "administration_aar_disabled": "**Assegna ruolo automaticamente** ai nuovi utenti è stato **disattivato**.",
    "administration_aar_enabled": "**Assegna ruolo automaticamente** ai nuovi utenti è stato **attivato**.",
    "administration_attachments": "Allegato",
    "administration_avatar_changed": "Avatar cambiato",
    "administration_bandm": "Sei stato bannato dal {0} server.\nMotivo: {1}",
    "administration_banned_pl": "bannati",
    "administration_banned_user": "Utente bannato",
    "administration_bot_name": "Nome del bot cambiato in {0}",
    "administration_bot_status": "Stato del bot cambiato in {0}",
    "administration_byedel_off": "la cancellazione automatica dei messaggi di arrivederci è stata disabilitata.",
    "administration_byedel_on": "I messaggi di arrivederci verranno eliminati dopo {0} secondi.",
    "administration_byemsg_cur": "Messaggi di arrivederci attuali: {0}",
    "administration_byemsg_enable": "Attiva i messaggi di arrivederci scrivendo {0}",
    "administration_byemsg_new": "Nuovo messaggio di arrivederci impostato.",
    "administration_bye_off": "Annunci di arrivederci disattivati.",
    "administration_bye_on": "Annunci di arrivederci attivati in questo canale.",
    "administration_ch_name_change": "Nome del canale cambiato",
    "administration_ch_old_name": "Vecchio nome",
    "administration_ch_topic_change": "Argomento del canale cambiato",
    "administration_cleaned_up": "Pulito.",
    "administration_content": "Contenuto",
    "administration_cr": "Ruolo creato con successo {0}",
    "administration_createtextchan": "Canale di testo {0} creato.",
    "administration_createvoich": "Canale vocale {0} creato.",
    "administration_deafen": "Assordato con successo.",
    "administration_deleted_server": "Server eliminato {0}",
    "administration_delmsg_off": "Fermata con successo l'eliminazione automatica dei comandi di invocazione.",
    "administration_delmsg_on": "Avviata con successo l'eliminazione automatica dei comandi di invocazione.",
    "administration_deltextchan": "Canale di testo {0} eliminato.",
    "administration_delvoich": "Canale vocale {0} eliminato.",
    "administration_dm_from": "Messaggio diretto da parte di",
    "administration_donadd": "Aggiunto con successo un nuovo donatore. Totale dell'ammonto donato dall'utente: {0} 👑",
    "administration_donators": "Grazie alle persone nella lista qui sotto per aver fatto di questo progetto una realtà!",
    "administration_fwall_start": "Contatterò in privato tutti i proprietari.",
    "administration_fwall_stop": "Contatterò in privato solo il primo proprietario.",
    "administration_fwdm_start": "Inoltrerò messaggi diretti d'ora in avanti.",
    "administration_fwdm_stop": "Smetterò di inoltrare messaggi diretti d'ora in avanti.",
    "administration_greetdel_off": "L'eliminazione automatica dei messaggi di benvenuto è stata disabilitata",
    "administration_greetdel_on": "I messaggi di benvenuto verranno eliminati dopo {0} secondi.",
    "administration_greetdmmsg_cur": "Messaggi diretti di benvenuto ricevuti finora: {0}",
    "administration_greetdmmsg_enable": "Per abilitare i messaggi diretti di benvenuto scrivi {0}",
    "administration_greetdmmsg_new": "Nuovo messaggio diretto di benvenuto impostato.",
    "administration_greetdm_off": "Messaggi diretti di benvenuto disabilitati.",
    "administration_greetdm_on": "Messaggi diretti di benvenuto abilitati.",
    "administration_greetmsg_cur": "Messaggio di benvenuto attuale: {0}",
    "administration_greetmsg_enable": "Per abilitare i messaggi di benvenuto scrivi {0}",
    "administration_greetmsg_new": "Nuovo messaggio di benvenuto impostato.",
    "administration_greet_off": "Messaggi di benvenuto disabilitati.",
    "administration_greet_on": "Messaggi di benvenuto abilitatati in questo canale.",
    "administration_hierarchy": "Non puoi usare questo comando su utenti con un ruolo superiore o pari al tuo.",
    "administration_images_loaded": "Immagine caricata dopo {0} secondi!",
    "administration_invalid_format": "Formato di input invalido.",
    "administration_invalid_params": "Parametri Invalidi",
    "administration_joined": "{0} è entrato {1}",
    "administration_kickdm": "Sei stato cacciato dal {0} server.\nRagione: {1}",
    "administration_kicked_user": "Utente cacciato",
    "administration_lang_list": "Lista delle lingue",
    "administration_lang_set": "La lingua del tuo server è ora {0} - {1}",
    "administration_lang_set_bot": "La lingua di base del bot è ora {0} - {1}",
    "administration_lang_set_bot_show": "La lingua del Bot è impostata a {0} - {1}",
    "administration_lang_set_fail": "Impostazione della lingua del server fallita. Riguarda la guida di questo comando.",
    "administration_lang_set_show": "La lingua di questo server è impostata a {0} - {1}",
    "administration_left": "{0} ha lasciato {1}",
    "administration_left_server": "Ha lasciato il server {0}",
    "administration_log": "Inserire {0} evento in questo canale.",
    "administration_log_all": "Inseriti tutti gli eventi in questo canale.",
    "administration_log_disabled": "Registrazione disattivata",
    "administration_log_events": "Gli eventi a cui puoi iscriverti:",
    "administration_log_ignore": "La registrazione ignorerá {0}",
    "administration_log_not_ignore": "La registrazione non ignorerá {0}",
    "administration_log_stop": "Fermata la registrazione dell'evento {0}",
    "administration_menrole": "{0} ha chiesto una menzione nei seguenti ruoli",
    "administration_message_from_bo": "Messaggio da {0} `[Proprietario del bot]`:",
    "administration_message_sent": "Messaggio inviato.",
    "administration_moved": "{0} spostato da {1} a {2}",
    "administration_msg_del": "Messaggio eliminato in #{0}",
    "administration_msg_update": "Messaggio aggiornato in  #{0}",
    "administration_muted_pl": "Mutati",
    "administration_muted_sn": "Mutato",
    "administration_mute_error": "Probabilmente non ho i permessi necessari per farlo.",
    "administration_mute_role_set": "Nuovo ruolo di muto impostato.",
    "administration_need_admin": "Ho bisogno dei permessi di **Amministrazione** per farlo",
    "administration_new_msg": "Nuovo messaggio",
    "administration_new_nick": "Nuovo soprannome",
    "administration_new_topic": "Nuova discussione",
    "administration_nick_change": "Soprannome cambiato",
    "administration_no_server": "Non riesco a trovare quel server",
    "administration_no_shard_id": "Non è stato trovato nessun frammento con quel ID.",
    "administration_old_msg": "Messaggio precedente",
    "administration_old_nick": "Nickname precedente",
    "administration_old_topic": "Discussione precedente",
    "administration_perms": "Errore. Probabilmente non dispongo dei permessi necessari.",
    "administration_prot_active": "Protezioni attive",
    "administration_prot_disable": "{0} è stato **disattivato** in questo server.",
    "administration_prot_enable": "{0} Attivato",
    "administration_prot_error": "Errore. Ho bisogno dei permessi di gestione dei ruoli",
    "administration_prot_none": "Nessuna protezione attiva.",
    "administration_raid_cnt": "Gli utenti in ingresso devono essere tra {0} e {1}.",
    "administration_raid_stats": "Se {0} o più utenti entrano entro {1} secondi, li {2}.",
    "administration_raid_time": "Il tempo deve essere tra {0} e {1} secondi.",
    "administration_rar": "L'utente {0} è stato sollevato da tutti i suoi ruoli.",
    "administration_rar_err": "Impossibile rimuovere i ruoli. Non dispongo dei permessi necessari.",
    "administration_rc": "il colore del ruolo {0} è stato cambiato.",
    "administration_rc_not_exist": "Quel ruolo non esiste.",
    "administration_rc_params": "I parametri specificati sono invalidi.",
    "administration_rc_perms": "Si è verificato un errore dovuto a un colore invalido o a permessi insufficienti.",
    "administration_remrole": "L'utente {1} è stato sollevato dal ruolo di {0}",
    "administration_remrole_err": "Impossibile rimuovere il ruolo. Non dispongo dei permessi necessari.",
    "administration_renrole": "Ruolo rinominato.",
    "administration_renrole_err": "Impossibile rinominare il ruolo. Non dispongo dei permessi necessari.",
    "administration_renrole_perms": "Non puoi modificare i ruoli più alti del tuo.",
    "administration_reprm": "Rimosso il messaggio di gioco: {0}",
    "administration_role_added": "Il ruolo {0} è stato aggiunto alla lista.",
    "administration_role_clean": "{0} non trovato. Pulizia avvenuta.",
    "administration_role_in_list": "il ruolo {0} è già nella lista.",
    "administration_ropl_added": "Aggiunto.",
    "administration_ropl_disabled": "Stato di gioco rotativo disattivato.",
    "administration_ropl_enabled": "Stato di gioco rotativo attivato.",
    "administration_ropl_list": "Ecco una lista delle condizioni di ruolo rotative: \n{0}",
    "administration_ropl_not_set": "Nessuno condizione di gioco rotativo impostato.",
    "administration_self_assign_already": "Sei già un {0}.",
    "administration_self_assign_already_excl": "Hai già {0} esclusivi ruoli auto-assegnati.",
    "administration_self_assign_excl": "I ruoli auto-assegnati sono ora riservati!",
    "administration_self_assign_list": "Ci sono {0} ruoli auto-assegnabili.",
    "administration_self_assign_not": "Quel ruolo non è auto-assegnabile.",
    "administration_self_assign_not_have": "Non sei un {0}.",
    "administration_self_assign_no_excl": "I ruoli auto-assegnati ora non sono più riservati!",
    "administration_self_assign_perms": "Non sono in grado di assegnarti quel ruolo. `Non posso assegnare ruoli al proprietario o ad altri utenti con un ruolo superiore al mio.`",
    "administration_self_assign_rem": "{0} è stato rimosso dalla lista dei ruoli auto-assegnabili.",
    "administration_self_assign_remove": "Se non più un {0}.",
    "administration_self_assign_success": "Ora sei un {0}.",
    "administration_setrole": "All'utente {1} è stato assegnato con successo il ruolo di {0}.",
    "administration_setrole_err": "Impossibile assegnare ruolo. Non dispongo dei permessi necessari.",
    "administration_set_avatar": "Nuovo avatar impostato!",
    "administration_set_channel_name": "Nuovo nome del canale impostato.",
    "administration_set_game": "Nuovo gioco impostato!",
    "administration_set_stream": "Nuova sequenza impostata!",
    "administration_set_topic": "Nuova discussione del canale impostata.",
    "administration_shard_reconnected": "Frammento {0} ricollegato.",
    "administration_shard_reconnecting": "Frammento {0} si sta ricollegando.",
    "administration_shutting_down": "Spegnimento",
    "administration_slowmode_desc": "Gli utenti non possono mandare più di {0} messaggi ogni {1} secondi.",
    "administration_slowmode_disabled": "Modalità lenta disattivata",
    "administration_slowmode_init": "Modalità lenta attivata",
    "administration_soft_banned_pl": "Ammonizione (Espulso)",
    "administration_spam_ignore": "{0} ignorerà questo canale.",
    "administration_spam_not_ignore": "{0} non ignorerà più questo canale.",
    "administration_spam_stats": "Se un utente posta {0} lo stesso messaggio consecutivamente, io {1} loro.\n__Canaliignorati__: {2}",
    "administration_text_chan_created": "Canale di testo creato.",
    "administration_text_chan_destroyed": "Canale di testo distrutto.",
    "administration_undeafen": "Desilenziato con successo.",
    "administration_unmuted_sn": "Smutato",
    "administration_username": "Nome utente",
    "administration_username_changed": "Nome utente cambiato.",
    "administration_users": "Utenti",
    "administration_user_banned": "Utente bannato",
    "administration_user_chat_mute": "{0} è stato **mutato** dalla chat.",
    "administration_user_chat_unmute": "{0} è stato **smutato** dalla chat.",
    "administration_user_joined": "Utente entrato",
    "administration_user_left": "Utente andato via",
    "administration_user_muted": "{0} è stato **mutato** dal canale di testo e vocale.",
    "administration_user_role_add": "Ruolo utente aggiunto",
    "administration_user_role_rem": "Ruolo utente rimosso",
    "administration_user_status_change": "{0} ora é {1}",
    "administration_user_unmuted": "{0} è stato **smutato** dal canale di testo e vocale.",
    "administration_user_vjoined": "{0} è entrato {1} canale vocale.",
    "administration_user_vleft": "{0} è uscito {1} canale vocale.",
    "administration_user_vmoved": "{0} ha spostato {1} al {2} canale vocale.",
    "administration_user_voice_mute": "{0} è stato **mutato vocalmente**",
    "administration_user_voice_unmute": "{0} è stato **smutato vocalmente*",
    "administration_voice_chan_created": "Canale vocale creato",
    "administration_voice_chan_destroyed": "Canale vocale distrutto",
    "administration_vt_disabled": "Voce + testo disabilitati.",
    "administration_vt_enabled": "Voce + testo abilitati.",
    "administration_vt_exit": "Non ho i permessi **gestire ruoli* e/o **gestire canali*, quindi non posso utilizzare `voce+testo` sul server {0}.",
    "administration_vt_no_admin": "Stai attivando/disattivando questa opzione e **Io non ho i permessi di AMMINISTRATORE**. Questo potrebbe causare dei problemi, e dopo tu dovrai ripulire il canale di testo.",
    "administration_vt_perms": "Richiedo dei permessi **gestire ruoli** e **gestire canali** per abilitare per questa funzione. (preferibilmente il permesso Amministratore)",
    "administration_xmuted_text": "Utente {0} dalla chat di testo",
    "administration_xmuted_text_and_voice": "Utente {0} dalla chat di testo e vocale",
    "administration_xmuted_voice": "Utente {0} dalla chat vocale",
    "administration_sbdm": "Sei statto cacciato da {0} server.\nMotivo : {1}",
    "administration_user_unbanned": "Utente sbannato",
    "administration_migration_done": "Trasferimento completato!",
    "administration_presence_updates": "Aggiornamenti sulla presenza",
    "administration_sb_user": "Utente ammonito",
    "gambling_awarded": "ha regalato {0} to {1}",
    "gambling_better_luck": "Avrai più fortuna la prossima volta ^_^",
    "gambling_br_win": "Congratulazioni! Hai vinto {0} per aver rollato oltre {1}",
    "gambling_deck_reshuffled": "Mazzo rimescolato.",
    "gambling_flipped": "Lanciato {0}",
    "gambling_flip_guess": "Indovinato! Hai vinto {0}",
    "gambling_flip_invalid": "Numero specificato non valido. Puoi lanciare da 1 a {0} monete.",
    "gambling_flowerreaction_desc": "Aggiungi {0} a questo messaggio per ottenere {1}",
    "gambling_flowerreaction_footer": "Quest'evento è attivo per le prossime {0} ore",
    "gambling_flowerreaction_title": "Evento reazioni iniziato!",
    "gambling_gifted": "ha regalato {0} a {1}",
    "gambling_has": "{0} ha {1}",
    "gambling_heads": "Testa",
    "gambling_leaderboard": "Classifica",
    "gambling_mass_award": "Premiati con {0} {1} utenti con il ruolo {2}.",
    "gambling_max_bet_limit": "Non puoi puntare più di {0}",
    "gambling_min_bet_limit": "Non puoi puntare meno di {0}",
    "gambling_not_enough": "Non hai abbastanza {0}",
    "gambling_no_more_cards": "Non ci sono più carte nel mazzo.",
    "gambling_raffled_user": "Utente sorteggiato",
    "gambling_roll": "Hai rollato {0}",
    "gambling_slot_bet": "Punta",
    "gambling_slot_jackpot": "WOAAHHHHHHH!!! Congratulazioni!!! x{0}",
    "gambling_slot_single": "Un singolo {0}, x{1}",
    "gambling_slot_three": "Wow! Che fortuna! Tre dello stesso tipo! x{0}",
    "gambling_slot_two": "Bel lavoro! Due {0} - puntato x{1}",
    "gambling_slot_won": "Vinto",
    "gambling_sneakygamestatus_desc": "Gli utenti devono scrivere un codice segreto per ottenere {0}.\nDura {1} secondi. Non dirlo a nessuno. Shhh.",
    "gambling_sneakygamestatus_end": "L'evento SneakyGame è finito. {0} utenti hanno ricevuto la loro ricompensa.",
    "gambling_sneakygamestatus_title": "L'evento SneakyGameStatus è iniziato",
    "gambling_tails": "Croce",
    "gambling_take": "Hai preso con successo {0} da {1}",
    "gambling_take_fail": "non è stato in grado di prendere {0} da {1} perché l'utente non dispone di abbastanza {2}!",
    "help_back_to_toc": "Torna al sommario",
    "help_bot_owner_only": "Solo il proprietario del bot",
    "help_channel_permission": "Richiede il permesso del canale {0}.",
    "help_cmdlist_donate": "Puoi supportare il progetto sul patreon: <{0}> o paypal: <{1}>",
    "help_cmd_and_alias": "Comandi e alias",
    "help_commandlist_regen": "Lista dei comandi rigenerata.",
    "help_commands_instr": "Scrivi `{0}h NomeDelComando` per consultare la guida per il comando specificato. Ad esempio: `{0}h >8ball`",
    "help_command_not_found": "Non riesco a trovare questo comando. Per favore verifica che esista prima di riprovare.",
    "help_desc": "Descrizione",
    "help_donate": "Puoi supportare \"NadekoBot project\" su \nPatreon <{0}> oppure su\nPaypal <{1}>\nNon dimenticarti di firmare con il tuo nome o id di discord.\n\n**Grazie** ♥️",
    "help_guide": "**Lista dei comandi**: <{0}>\n**Trovi delle guide per diventare host e altri documenti qui**: <{1}>",
    "help_list_of_commands": "Lista dei comandi",
    "help_list_of_modules": "Lista dei moduli",
    "help_modules_footer": "Scrivi `{0}cmds NomeModulo` per vedere la lista di tutti i comandi in quel modulo. Ad esempio: `{0}cmds giochi`",
    "help_module_not_found": "Modulo inesistente.",
    "help_server_permission": "Richiede il permesso {0} del server.",
    "help_table_of_contents": "Tabella dei contenuti",
    "help_usage": "Uso",
    "nsfw_autohentai_started": "Autohentai avviato. Ogni {0} secondi verrà postato qualcosa coi seguenti tag:\n{1}",
    "nsfw_tag": "Tag",
    "gambling_animal_race": "Gara degli animali",
    "gambling_animal_race_failed": "Impossibile iniziare perché non ci sono abbastanza partecipanti.",
    "gambling_animal_race_full": "La gara è piena! Inizio immediato.",
    "gambling_animal_race_join": "{0} è entrato come {1}",
    "gambling_animal_race_join_bet": "{0} è entrato come {1} e ha scommesso {2}!",
    "gambling_animal_race_join_instr": "Scrivi {0}jr per partecipare alla gara.",
    "gambling_animal_race_starting": "Inizia tra 20 secondi o quando la stanza è piena.",
    "gambling_animal_race_starting_with_x": "Inizia con {0} partecipanti.",
    "gambling_animal_race_won": "{0} come {1} Ha vinto la gara!",
    "gambling_animal_race_won_money": "{0} come {1} Ha vinto la gara e {2}!",
    "gambling_dice_invalid_number": "Numero specificato invalido. Puoi tirare {0}-{1} dadi alla volta.",
    "gambling_dice_rolled": "Ha rollato {0}",
    "gambling_dice_rolled_num": "Dadi tirati: {0}",
    "gambling_race_failed_starting": "Fallito a iniziare la gara. Un'altra gara è probabilmente in corso.",
    "gambling_race_not_exist": "Nessuna gara esistente su questo server.",
    "gambling_second_larger_than_first": "Il secondo numero dev'essere maggiore del primo.",
    "gambling_changes_of_heart": "Cambi di cuore",
    "gambling_claimed_by": "Rivendicato da",
    "gambling_divorces": "Divorziati",
    "gambling_likes": "Piace",
    "gambling_price": "Prezzo",
    "gambling_waifus_none": "Nessuna waifu è stata rivendicata.",
    "gambling_waifus_top_waifus": "Classifica delle waifu",
    "gambling_waifu_affinity_already": "La tua affinità è già stabilita a quella waifu oppure stai cercando di rimuovere la tua affinità mentre non ne hai una.",
    "gambling_waifu_affinity_changed": "ha cambiato la sua affinità da {0} a {1}.\n\n*È moralmente questionabile.*🤔",
    "gambling_waifu_affinity_cooldown": "Devi aspettare {0} ore e {1} minuti prima di poter cambiare di nuovo la tua affinità.",
    "gambling_waifu_affinity_reset": "La tua affinità è stata reimpostata. Non ti piace più nessuno.",
    "gambling_waifu_affinity_set": "vuole essere la waifu di {0}. Aww <3",
    "gambling_waifu_claimed": "ha rivendicato {0} come la sua waifu per {1}!",
    "gambling_waifu_divorced_like": "Hai divorziato da una waifu a cui piacevi. Sei un mostro senza cuore.\n{0} riceve {1} come risarcimento.",
    "gambling_waifu_egomaniac": "Non puoi impostare l'affinità su te stesso, tu egomaniaco.",
    "gambling_waifu_fulfilled": "🎉 Il loro amore è soddisfatto! 🎉\nil nuovo valore di {0} è {1}!",
    "gambling_waifu_isnt_cheap": "Nessuna waifu vale così poco. Devi pagare almeno {0} per avere una waifu, malgrado il suo valore reale fosse minore.",
    "gambling_waifu_not_enough": "Devi pagare {0} o più per poter rivendicare quella waifu!",
    "gambling_waifu_not_yours": "Quella waifu non è tua.",
    "gambling_waifu_not_yourself": "Non puoi auto-rivendicarti.",
    "gambling_waifu_recent_divorce": "Hai divorziato recentemente. Devi aspettare {0} ore e {1} minuti per poter divorziare di nuovo.",
    "gambling_nobody": "Nessuno",
    "gambling_waifu_divorced_notlike": "Hai divorziato da una waifu a cui non piacevi. Riottieni {0} Indietro.",
    "games_8ball": "palla8",
    "games_acrophobia": "Acrofobia",
    "games_acro_ended_no_sub": "Partita conclusa senza risposte.",
    "games_acro_no_votes_cast": "Nessuno ha votato. Partita conclusa senza vincitori.",
    "games_acro_nym_was": "L'acronimo era {0}",
    "games_acro_running": "Una partita di Acrofobia è già in corso su questo canale.",
    "games_acro_started": "Partita avviata. Crea una frase utilizzando il seguente acronimo: {0}.",
    "games_acro_started_footer": "Hai {0} secondi a disposizione per rispondere.",
    "games_acro_submit": "{0} ha dato la sua risposta. ({1} in totale)",
    "games_acro_vote": "Vota digitando il numero della risposta",
    "games_acro_vote_cast": "{0} ha votato!",
    "games_acro_winner": "Il vincitore è {0} con {1} punti.",
    "games_acro_winner_only": "{0} è il vincitore poiché è stato l'unico ad aver dato una risposta!",
    "games_question": "Domanda",
    "games_rps_draw": "E' un pareggio! Entrambi avete scelto {0}",
    "games_rps_win": "{0} vince! {1} batte {2}",
    "games_submissions_closed": "Il tempo per rispondere è scaduto",
    "gambling_animal_race_already_started": "La corsa degli animali è già iniziata.",
    "gambling_total_average": "Totale: {0} Media: {1}",
    "games_category": "Categoria.",
    "games_cleverbot_disabled": "Cleverbot è stato disabilitato in questo server.",
    "games_cleverbot_enabled": "Cleverbot è stato abilitato in questo server.",
    "games_curgen_disabled": "La generazione di valuta è stata disabilitata in questo canale.",
    "games_curgen_enabled": "La generazione di valuta è stata abilitata in questo canale.",
    "games_curgen_pl": "{0} un {1} casuale è apparso!",
    "games_curgen_sn": "Un {0} è apparso!",
    "games_failed_loading_question": "Impossibile caricare una domanda.",
    "games_game_started": "Partita iniziato",
    "games_hangman_game_started": "Gioco dell'impiccato iniziato",
    "games_hangman_running": "Il gioco dell'impiccato è già in corso in questo canale.",
    "games_hangman_start_errored": "Impossibile iniziare il gioco dell'impiccato.",
    "games_hangman_types": "Lista dei tipi di parole dell' \"{0}impiccato\":",
    "games_leaderboard": "Classifica",
    "games_not_enough": "Non hai abbastanza {0}",
    "games_no_results": "Nessun risultato",
    "games_picked": "raccolto {0}",
    "games_planted": "{0} ha piantato {1}",
    "games_trivia_already_running": "Un gioco dei trivia è già in corso su questo canale.",
    "games_trivia_game": "Gioco dei trivia",
    "games_trivia_guess": "{0} ha indovinato! La riposta era: {1}",
    "games_trivia_none": "Nessun gioco dei trivia è in corso su questo server.",
    "games_trivia_points": "{0} ha {1} punti",
    "games_trivia_stopping": "Il gioco terminerà dopo questa domanda.",
    "games_trivia_times_up": "Tempo scaduto! La risposta corretta era {0}",
    "games_trivia_win": "{0} ha indovinato ed è il VINCITORE! La risposta era: {1}",
    "games_ttt_against_yourself": "Non puoi giocare contro te stesso.",
    "games_ttt_already_running": "Una partita di Tris è già in corso in questo canale.",
    "games_ttt_a_draw": "Pareggio!",
    "games_ttt_created": "ha avviato una partita di Tris.",
    "games_ttt_has_won": "{0} ha vinto!",
    "games_ttt_matched_three": "Tris",
    "games_ttt_no_moves": "Nessuna mossa rimanente!",
    "games_ttt_time_expired": "Tempo scaduto!",
    "games_ttt_users_move": "Tocca a {0}",
    "games_vs": "{0} vs {1}",
    "music_attempting_to_queue": "Cercando di mettere in coda {0} canzoni...",
    "music_autoplay_disabled": "Autoplay disabilitato.",
    "music_autoplay_enabled": "Autoplay abilitato.",
    "music_defvol_set": "Volume di default impostato a {0}%",
    "music_dir_queue_complete": "Coda della directory completata.",
    "music_fairplay": "gioco corretto",
    "music_finished_song": "Canzone finita",
    "music_fp_disabled": "Gioco corretto disabilitato.",
    "music_fp_enabled": "Gioco corretto abilitato.",
    "music_from_position": "Dalla posizione",
    "music_id": "Id",
    "music_invalid_input": "Input non valido",
    "music_max_playtime_none": "Il tempo massimo di gioco ora non ha più un limite.",
    "music_max_playtime_set": "Il tempo massimo di gioco è stato impostato a {0} secondi.",
    "music_max_queue_unlimited": "La coda massima della musica è stata impostata a illimitata",
    "music_max_queue_x": "La coda massima della musica è stata impostata a {0} brani.",
    "music_must_be_in_voice": "Bisogna essere in un canale vocale in questo server",
    "music_name": "Nome",
    "music_now_playing": "In riproduzione",
    "music_no_player": "Nessuna musica in riproduzione.",
    "music_no_search_results": "Nessun risultato trovato.",
    "music_paused": "Riproduzione della musica messa in pausa.",
    "music_player_queue": "Coda degli utenti - Pagina {0}/{1}",
    "music_playing_song": "Canzone iniziata",
    "music_playlists": "`#{0}` - **{1}** da *{2}* ({3} canzoni)",
    "music_playlists_page": "Pagina {0} della playlist salvata",
    "music_playlist_deleted": "Playlist cancellata.",
    "music_playlist_delete_fail": "Impossibile cancellare quella playlist perché non esiste oppure perché non ne sei l'autore.",
    "music_playlist_id_not_found": "Non esiste una playlist con quel ID.",
    "music_playlist_queue_complete": "Playlist in coda completata.",
    "music_playlist_saved": "Playlist salvata",
    "music_play_limit": "limite di {0} secondi",
    "music_queue": "Coda",
    "music_queued_song": "Canzone in coda",
    "music_queue_cleared": "Coda della musica ripulita",
    "music_queue_full": "La coda é piena a {0}/{0}",
    "music_removed_song": "Canzone rimossa",
    "music_repeating_cur_song": "Ripetendo la canzone corrente",
    "music_repeating_playlist": "Ripetendo la playlist",
    "music_repeating_track": "Traccia ripetuta",
    "music_repeating_track_stopped": "Riproduzione del brano attuale fermata.",
    "music_resumed": "Riproduzione della musica ricominciata.",
    "music_rpl_disabled": "Ripeti playlist disabilitato.",
    "music_rpl_enabled": "Ripeti playlist abilitato.",
    "music_set_music_channel": "Ora mostrerò i brani in ascolto, finiti, messi in pausa e rimossi in questo canale.",
    "music_skipped_to": "Saltato a '{0}:{1}'",
    "music_song_moved": "Canzone spostata",
    "music_time_format": "{0}o {1}m {2}s",
    "music_to_position": "Alla posizione",
    "music_unlimited": "infinito",
    "music_volume_input_invalid": "Il volume dev'essere impostato fra 0 e 100.",
    "music_volume_set": "Volume impostato a {0}%",
    "permissions_acm_disable": "Non può essere più usato ALCUN MODULO in {0} canale.",
    "permissions_acm_enable": "Possono essere usati TUTTI I MODULI in {0} canale.",
    "permissions_allowed": "Concesso",
    "permissions_arm_disable": "Il ruolo {0} non può più usare ALCUN MODULO.",
    "permissions_arm_enable": "Il ruolo {0} può usare TUTTI I MODULI.",
    "permissions_asm_disable": "Non può essere più usato ALCUN MODULO in questo server.",
    "permissions_asm_enable": "Possono essere usati TUTTI I MODULI in questo server.",
    "permissions_aum_disable": "L'utente {0} non può più usare ALCUN MODULO.",
    "permissions_aum_enable": "L'utente {0} può usare TUTTI I MODULI.",
    "permissions_blacklisted": "Aggiunto {0} con ID {1} alla lista nera",
    "permissions_cmdcd_add": "Il comando {0} ha adesso {1} secondi di ricarica.",
    "permissions_cmdcd_cleared": "Il comando {0} non ha più il tempo di ricarica e tutti i tempi di ricarica esistenti sono stati cancellati.",
    "permissions_cmdcd_none": "Nessuna ricarica dei comandi stabilita.",
    "permissions_command_costs": "Costo dei comandi",
    "permissions_cx_disable": "Disattivare l'uso di {0} {1} in questo canale {2}.",
    "permissions_cx_enable": "Attivare l'uso di {0} {1} in questo canale {2}.",
    "permissions_denied": "Permesso negato",
    "permissions_filter_word_add": "Aggiunta la parola {0} alla lista delle parole bandite.",
    "permissions_filter_word_list": "Lista di parole bandite",
    "permissions_filter_word_remove": "Rimossa la parola {0} dalla lista delle parole bandite.",
    "permissions_invalid_second_param_between": "Parametro dei secondi non valido.(Deve essere un numero tra {0} e {1})",
    "permissions_invite_filter_channel_off": "Filtro degli inviti disabilitato in questo canale.",
    "permissions_invite_filter_channel_on": "Filtro degli inviti abilitato su questo canale",
    "permissions_invite_filter_server_off": "Filtro degli inviti disabilitato su questo canale",
    "permissions_invite_filter_server_on": "Filtro degli inviti abilitato su questo server",
    "permissions_moved_permission": "Spostato il permesso {0} da #{1} a #{2}",
    "permissions_not_found": "Impossibile trovare il permesso nell'elenco #{0}",
    "permissions_no_costs": "Nessun costo impostato.",
    "permissions_of_command": "Comando",
    "permissions_of_module": "Modulo",
    "permissions_page": "Pagina dei comandi {0}",
    "permissions_permrole": "Attualmente i permessi del ruolo sono {0}.",
    "permissions_permrole_changed": "Gli utenti ora devono avere il ruolo di {0} per modificare i permessi.",
    "permissions_perm_out_of_range": "Nessun permesso trovato in quell'elenco.",
    "permissions_removed": "rimosso il permesso #{0} - {1}",
    "permissions_rx_disable": "Disabilitato l'uso di {0} {1} per il ruolo {2}.",
    "permissions_rx_enable": "Abilitato l'uso di {0} {1} per il ruolo {2}.",
    "permissions_sec": "sec.",
    "permissions_sx_disable": "Disabilitato l'utilizzo di {0} {1} in questo server",
    "permissions_sx_enable": "Abilitato l'utilizzo di {0} {1} in questo server",
    "permissions_unblacklisted": "Rimosso dalla lista nera {0} con l'ID {1}",
    "permissions_uneditable": "non modificabile",
    "permissions_ux_disable": "Disabilitato l'uso di {0} {1} per l'utente {2}.",
    "permissions_ux_enable": "Abilitato l'uso di {0} {1} per l'utente {2}.",
    "permissions_verbose_false": "Non mostreró piú avvisi sui permessi",
    "permissions_verbose_true": "Ora mostreró gli avvisi sui permessi.",
    "permissions_word_filter_channel_off": "Filtro delle parole disabilitato in questo canale.",
    "permissions_word_filter_channel_on": "Filtro delle parole abilitato in questo canale.",
    "permissions_word_filter_server_off": "Filtro delle parole disabilitato in questo server.",
    "permissions_word_filter_server_on": "Filtro delle parole abilitato in questo server.",
    "searches_abilities": "Abilità",
    "searches_anime_no_fav": "Nessun anime preferito",
    "searches_atl_ad_started": "Iniziata la traduzione automatica dei messaggi in questo canale. I messaggi degli utenti verranno automaticamente cancellati.",
    "searches_atl_removed": "La tua traduzione automatica dei messaggi è stata rimossa.",
    "searches_atl_set": "La tua traduzione automatica del linguaggio è stata impostata a {0}>{1}",
    "searches_atl_started": "Avviata traduzione automatica dei messaggi in questo canale.",
    "searches_atl_stopped": "Annullata traduzione automatica dei messaggi in questo canale.",
    "searches_bad_input_format": "Formato input errato o errore sconosciuto.",
    "searches_card_not_found": "Non ho trovato quella carta.",
    "searches_catfact": "Curiosità",
    "searches_chapters": "Capitoli",
    "searches_comic_number": "Fumetto #",
    "searches_compet_loses": "Competitive perse",
    "searches_compet_played": "Competitive giocate",
    "searches_compet_rank": "Rango competitivo",
    "searches_compet_wins": "Competitive Vinte.",
    "searches_completed": "Completato",
    "searches_condition": "Condizione",
    "searches_cost": "Costo",
    "searches_date": "Data",
    "searches_define": "Definisci:",
    "searches_dropped": "Abbandonato",
    "searches_episodes": "Episodi",
    "searches_error_occured": "Errore.",
    "searches_example": "Esempio.",
    "searches_failed_finding_anime": "Fallito a trovare questo anime.",
    "searches_failed_finding_manga": "Fallito a trovare questo manga.",
    "searches_genres": "Genere",
    "searches_hashtag_error": "Fallito a trovare la definizione per questo tag.",
    "searches_height_weight": "Altezza/Peso",
    "searches_height_weight_val": "{0}m/{1}kg",
    "searches_humidity": "Umidità",
    "searches_image_search_for": "Ricerca immagine per:",
    "searches_imdb_fail": "Fallito a trovare questo film.",
    "searches_invalid_lang": "Fonte o lingua non valida.",
    "searches_jokes_not_loaded": "Scherzo non caricato.",
    "searches_latlong": "Latitudine/Longitudine",
    "searches_level": "Livello",
    "searches_list_of_place_tags": "Lista delle tag {0}place",
    "searches_location": "Luogo",
    "searches_magicitems_not_loaded": "Oggetto magico non caricato.",
    "searches_mal_profile": "Profilo MAL di {0}",
    "searches_mashape_api_missing": "Il possessore del bot non ha specificato MashapeApiKey, Non puoi usare questa funzione.",
    "searches_min_max": "Minimo/Massimo",
    "searches_no_channel_found": "Nessun canale trovato.",
    "searches_no_results": "Nessun risultato trovato.",
    "searches_on_hold": "In sospeso",
    "searches_original_url": "Url originale",
    "searches_osu_api_key": "Una chiave API di Osu! é richiesta.",
    "searches_osu_failed": "Recupero della firma di Osu! fallito.",
    "searches_over_x": "Trovate oltre {0} immagini. Piazzandone casualmente {0}",
    "searches_ow_user_not_found": "Utente non trovato! Perfavore controlla la regione e il Battletag prima di riprovare.",
    "searches_plan_to_watch": "In programma da guardare",
    "searches_platform": "Piattaforma",
    "searches_pokemon_ability_none": "Nessun abilità trovata.",
    "searches_pokemon_none": "Nessun pokèmon trovato.",
    "searches_profile_link": "Link profilo:",
    "searches_quality": "Qualità:",
    "searches_quick_playtime": "Gioco veloce",
    "searches_quick_wins": "Vittoria veloce",
    "searches_rating": "Voto",
    "searches_score": "Punteggio:",
    "searches_search_for": "Ricerca per:",
    "searches_shorten_fail": "Non è stato possibile accorciare quel url.",
    "searches_short_url": "Accorcia url",
    "searches_something_went_wrong": "Qualcosa è andato storto.",
    "searches_specify_search_params": "Per favore specifica i parametri della ricerca.",
    "searches_status": "Stato",
    "searches_store_url": "Conserva url",
    "searches_streamer_offline": "Lo streamer {0} è offline.",
    "searches_streamer_online": "Lo streamer {0} è online con {1} spettatori.",
    "searches_streams_following": "Stai seguendo {0} streaming in questo server.",
    "searches_streams_none": "Non stai seguendo nessuno streaming in questo server.",
    "searches_stream_no": "Nessun tale stream",
    "searches_stream_not_exist": "Questo streaming probabilmente non esiste.",
    "searches_stream_removed": "Rimossi {0} streaming ({1}) dalle notifiche",
    "searches_stream_tracked": "Io notificherò in questo canale quando il suo stato cambia.",
    "searches_sunrise": "Alba",
    "searches_sunset": "Tramonto",
    "searches_temperature": "Temperratura",
    "searches_title": "Titolo:",
    "searches_top_3_fav_anime": "Top 3 anime preferiti:",
    "searches_translation": "Traduzione:",
    "searches_types": "Tipi",
    "searches_ud_error": "Nessuna definizione trovata per la parola.",
    "searches_url": "Url",
    "searches_viewers": "Spettatori",
    "searches_watching": "Seguendo",
    "searches_wikia_error": "Non sono riuscita a trovare quel termine nella wikia specificata.",
    "searches_wikia_input_error": "Inserisca una wikia, seguita dalla richiesta di ricerca.",
    "searches_wiki_page_not_found": "Pagina non trovata.",
    "searches_wind_speed": "Velocità del vento",
    "searches_x_most_banned_champs": "I campioni più bannati di {0}",
    "searches_yodify_error": "Non sono riuscita a yodificare la tua frase.",
    "utiliity_joined": "Entrato",
    "utility_activity_line": "`{0}.` {1} [{2:F2}/s] - {3} totali",
    "utility_activity_page": "Pagina attivitá #{0}",
    "utility_activity_users_total": "{0} utenti in totale.",
    "utility_author": "Autore",
    "utility_botid": "ID del bot",
    "utility_calcops": "Lista di funzioni nel comando {0}calc",
    "utility_channelid": "{0} di questo canale è {1}",
    "utility_channel_topic": "Canale di discussione",
    "utility_commands_ran": "Comandi eseguiti",
    "utility_convert": "{0} {1} è uguale a {2} {3}",
    "utility_convertlist": "Unità che possono essere usate dal convertitore",
    "utility_convert_not_found": "Non posso convertire {0} a {1}: unità non trovate.",
    "utility_convert_type_error": "Impossibile convertire {0} in {1}: i tipi di unitá sono diversi",
    "utility_created_at": "Creato a",
    "utility_custom_emojis": "Emoji personalizzati",
    "utility_error": "Errore",
    "utility_features": "Funzioni",
    "utility_id": "ID",
    "utility_index_out_of_range": "Indice fuori dall'intervallo consentito.",
    "utility_inrole_list": "Lista degli utenti con il ruolo {0}",
    "utility_inrole_not_allowed": "Non sei autorizzato a usare questo comando con un ruolo comune per prevenirne l'abuso.",
    "utility_invalid_value": "Valore {0} invalido.",
    "utility_joined_discord": "Si è unito a Discord",
    "utility_joined_server": "Si è unito al server",
    "utility_listservers": "ID: {0}\nMembri: {1}\nID del proprietario: {2}",
    "utility_listservers_none": "Nessun server trovato su quella pagina.",
    "utility_list_of_repeaters": "Lista dei ripetitori",
    "utility_members": "Membri",
    "utility_memory": "Memoria",
    "utility_messages": "Messaggi",
    "utility_message_repeater": "Ripetitore di Messaggi",
    "utility_name": "Nome",
    "utility_nickname": "Soprannome",
    "utility_nobody_playing_game": "Nessuno sta giocando a quel gioco.",
    "utility_no_active_repeaters": "Nessun ripetitore attivo.",
    "utility_no_roles_on_page": "Nessun ruolo in questa pagina.",
    "utility_no_shards_on_page": "Nessun frammento in questa pagina.",
    "utility_no_topic_set": "Nessun argomento impostato.",
    "utility_owner": "Proprietario",
    "utility_owner_ids": "ID del proprietario",
    "utility_presence": "Presenza",
    "utility_presence_txt": "{0} Server\n{1} Canali di testo\n{2} Canali vocali",
    "utility_quotes_deleted": "Eliminato tutte le parole con {0} all'interno.",
    "utility_quotes_page": "Pagina {0} delle citazioni",
    "utility_quotes_page_none": "Nessuna citazione in questa pagina.",
    "utility_quotes_remove_none": "Nessuna citazione trovata che tu possa rimuovare.",
    "utility_quote_added": "Citazione Aggiunta",
    "utility_quote_deleted": "Citazione #{0} cancellata.",
    "utility_region": "Regione",
    "utility_registered_on": "Registrato il",
    "utility_remind": "Ricorderò {0} a {1} il {2} `({3:d.M.yyyy.} alle {4:HH:mm})`",
    "utility_remind_invalid_format": "Formato data non valido. Controlla la lista dei comandi.",
    "utility_remind_template": "Nuovo modello di promemoria stabilito.",
    "utility_repeater": "Ripetendo {0} ogni {1} giorno(s), {2} ore(s) e {3} minuti(s).",
    "utility_repeaters_list": "Lista dei ripetitori",
    "utility_repeaters_none": "Nessun ripetitore funzionante in questo server.",
    "utility_repeater_stopped": "#{0} fermato.",
    "utility_repeat_invoke_none": "Nessun messaggio ripetuto trovato in questo server.",
    "utility_result": "Risultato",
    "utility_roles": "Ruoli",
    "utility_roles_all_page": "Pagina #{0} di tutti i ruoli in questo server:",
    "utility_roles_page": "Pagina #{0} dei ruoli di {1}",
    "utility_rrc_no_colors": "Nessun colore è nel formato giusto. Usa `#00ff00` per esempio.",
    "utility_rrc_start": "Iniziata rotazione {0} dei ruoli colorati.",
    "utility_rrc_stop": "Fermata la rotazione dei colori per il {0} ruolo",
    "utility_serverid": "{0} di questo server è {1}",
    "utility_server_info": "Info del server",
    "utility_shard": "Frammento",
    "utility_shard_stats": "Statistiche della Shard",
    "utility_shard_stats_txt": "Il frammento **#{0}** é nello stato {1} con {2} server",
    "utility_showemojis": "**Nome:** {0} **Link:** {1}",
    "utility_showemojis_none": "Nessuna emoji speciale trovata.",
    "utility_stats_songs": "Avviando {0} canzoni, {1} in coda.",
    "utility_text_channels": "Canali di testo",
    "utility_togtub_room_link": "Qui c'è il link della tua stanza:",
    "utility_uptime": "Tempo di funzionamento",
    "utility_userid": "{0} di questo utente {1} è {2}",
    "utility_users": "Utenti",
    "utility_voice_channels": "Canali vocali",
    "gambling_animal_race_already_in": "Sei già entrato in gara!",
    "games_current_poll_results": "Risultati del sondaggio corrente",
    "games_no_votes_cast": "Nessun voto",
    "games_poll_already_running": "C'è già un sondaggio in corso in questo server.",
    "games_poll_created": "📃 {0} ha creato un sondaggio che richiede la tua attenzione:",
    "games_poll_result": "'{0}. '{1} con {2} voti.",
    "games_poll_voted": "{0} ha votato.",
    "games_poll_vote_private": "Mandami in privato il numero della risposta.",
    "games_poll_vote_public": "Scrivi qui il numero della risposta.",
    "games_thanks_for_voting": "Grazie per aver votato, {0}",
    "games_x_votes_cast": "{0} voti in totale.",
    "games_pick_pl": "Prendili scrivendo `{0}prendi`",
    "games_pick_sn": "Prendilo scrivendo `{0}prendi`",
    "gambling_no_users_found": "Nessun utente trovato.",
    "gambling_page": "pagina {0}",
    "administration_must_be_in_voice": "Devi essere in un canale vocale in questo server.",
    "administration_no_vcroles": "Non ci sono ruoli nei canali vocali.",
    "administration_user_muted_time": "{0} è stato **mutato* dal canale di testo e vocale per {1} minuti.",
    "administration_vcrole_added": "Gli utenti che entrano {0} canale vocale avranno {1} come ruolo.",
    "administration_vcrole_removed": "Gli utenti che entrano {0} canale vocale non avranno più un ruolo.",
    "administration_vc_role_list": "Ruoli del canale vocale",
    "customreactions_crad_disabled": "I messaggi che innescano la reazione personalizzata con id {0} non saranno automaticamente eliminati.",
    "customreactions_crad_enabled": "I messaggi che innescano la reazione personalizzata con id {0} saranno automaticamente eliminati.",
    "customreactions_crdm_disabled": "Il messaggio di risposta per la reazione personalizzata con l'id {0} non sarà inviato come MP.",
    "customreactions_crdm_enabled": "I messaggi di risposta per la reazione personalizzata id {0} saranno ora mandati come MP.",
    "utility_aliases_none": "Nessun alias trovato",
    "utility_alias_added": "Scrivere {0} sarà ora un alias di {1}.",
    "utility_alias_list": "Lista degli alias",
    "utility_alias_removed": "Innescato {0} non ha più un Alias.",
    "utility_alias_remove_fail": "Innescato {0} non ha un alias.",
    "searches_compet_playtime": "Tempo di gioco competitivo",
    "administration_channel": "Canale",
    "administration_command_text": "Testo del comando",
    "administration_kicked_pl": "Espulso",
    "administration_moderator": "Moderatore",
    "administration_page": "pagina {0}",
    "administration_reason": "Ragione",
    "administration_scadd": "Nuovo comando all'avvio aggiunto.",
    "administration_scrm": "Comando all'avvio rimosso con successo.",
    "administration_scrm_fail": "Comando all'avvio non trovato.",
    "administration_server": "Server",
    "administration_startcmdlist_none": "Nessun comando di avvio in questa pagina",
    "administration_startcmds_cleared": "Ripuliti tutti i comandi all'avvio.",
    "administration_unbanned_user": "All'utente {0} é stato rimosso il ban.",
    "administration_user_not_found": "Utente non trovato.",
    "administration_user_warned": "L'utente {0} é stato avvisato.",
    "administration_user_warned_and_punished": "L'utente {0} é stato avvisato e {1} punizioni sono state applicate.",
    "administration_warned_on": "Avvisato nel server {0}",
    "administration_warned_on_by": "Il {0} alle {1} da {2}",
    "administration_warnings_cleared": "Tutti gli avvisi sono stati cancellati per {0}.",
    "administration_warnings_none": "Nessun avviso in questa pagina.",
    "administration_warnlog_for": "Lista degli avvisi per {0}",
    "administration_warnpl_none": "Nessuna punizione stabilita.",
    "administration_warn_cleared_by": "ripulito da {0}",
    "administration_warn_punish_list": "Lista degli avvisi.",
    "administration_warn_punish_rem": "Avere {0} avvisi non porterá piú a una punizione.",
    "administration_warn_punish_set": "Applicheró la punizione {0} agli utenti con {1} avvisi.",
    "administration_slowmodewl_role_start": "La modalitá lenta ignorerá il ruolo {0}.",
    "administration_slowmodewl_role_stop": "La modalitá lenta non ignorerá piú il ruolo {0}.",
    "administration_slowmodewl_user_start": "La modalitá lenta ignorerá l'utente {0}.",
    "administration_slowmodewl_user_stop": "La modalitá lenta non ignorerá piú l'utente {0}.",
    "utility_clpa_fail": "Errore nella richiesta dei premi per le seguenti ragioni:",
    "utility_clpa_fail_already": "Magari hai giá ricevuto il tuo premio per questo mese, Puoi ricevere premi solo una volta al mese sempre se non aumenti la tua donazione mensile.",
    "utility_clpa_fail_already_title": "Giá premiato",
    "utility_clpa_fail_conn": "Il tuo account discord potrebbe non essere connesso con Patreon. Se non sai cosa significa, o non sai come connetterlo - bisogna andare su [la pagina delle impostazioni dell'account Patreon] (https://patreon.com/settings/account) e cliccare su 'Connetti a discord'",
    "utility_clpa_fail_conn_title": "L'account discord non é connesso",
    "utility_clpa_fail_sup": "Per essere consono a ricevere premi, devi supportare il progetto su patreon. Puoi usare il comando {0} per ricevere il link.",
    "utility_clpa_fail_sup_title": "Non sta donando",
    "utility_clpa_fail_wait": "Devi aspettare un po' di ore dopo aver donato, se non lo hai fatto, prova di nuovo piú tardi.",
    "utility_clpa_fail_wait_title": "Aspetta un po' di tempo",
    "utility_clpa_success": "Hai ricevuto {0} ringraziamenti per il supporto del progetto!",
    "utility_clpa_too_early": "I premi possono essere richiesti dal 5 di ogni mese",
    "searches_time": "L'ora in {0} é {1} - {2}",
    "administration_rh": "Impostato il ruolo visibile della gilda da {0} a {1}",
    "gambling_name": "Nome",
    "gambling_shop": "Negozio",
    "gambling_shop_item_add": "Oggetto del negozio aggiunto",
    "gambling_shop_none": "Nessun oggetto del negozio trovato in questa pagina.",
    "gambling_shop_role": "Otterrai il ruolo {0}.",
    "gambling_type": "Tipo",
    "utility_clpa_next_update": "Prossimo update alle {0}",
    "administration_gvc_disabled": "La funzione di canale vocale di gioco  é stata disabilitata in questo server.",
    "administration_gvc_enabled": "{0} é un canale vocale di gioco ora.",
    "administration_not_in_voice": "Non sei in un canale vocale in questo server.",
    "gambling_item": "Oggetto",
    "gambling_out_of_stock": "Esaurito.",
    "gambling_random_unique_item": "Oggetto unico random.",
    "gambling_shop_buy_error": "Errore nel mandare in privato l'oggetto. Sei stato rimborsato.",
    "gambling_shop_item_not_found": "Nessuno strumento trovato in questo indice.",
    "gambling_shop_item_purchase": "Oggetto comprato con successo.",
    "gambling_shop_item_rm": "Oggetto rimosso dal negozio",
    "gambling_shop_item_wrong_type": "Questa registrazione del negozio non supporta l'aggiunta di oggetti.",
    "gambling_shop_list_item_added": "Oggetto aggiunto con successo.",
    "gambling_shop_list_item_not_unique": "Questo oggetto é giá stato aggiunto.",
    "gambling_shop_purchase": "Comprato nel server {0}",
    "gambling_shop_role_not_found": "Il ruolo che é stato venduto non esiste piú",
    "gambling_shop_role_purchase": "Hai comprato il ruolo {0} con successo",
    "gambling_shop_role_purchase_error": "Errore nell'assegnazione del ruolo. La tua spesa é stata rimborsata",
    "gambling_unique_items_left": "{0} oggetti unici rimasti.",
    "permissions_blocked_commands": "Comandi bloccati",
    "permissions_blocked_modules": "Moduli bloccati",
    "permissions_gcmd_add": "Il comando {0} é stato disabilitato in tutti i server",
    "permissions_gcmd_remove": "Il comando {0} é stato abilitato in tutti i server",
    "permissions_gmod_add": "Il modulo {0} é stato disabilitato in tutti server",
    "permissions_gmod_remove": "Il modulo {0} é stato abilitato in tutti i server",
    "permissions_lgp_none": "Nessun comando o modulo bloccato",
    "gambling_animal_race_no_race": "Questa Gara degli Animali è al completo!",
    "utility_cant_read_or_send": "Non puoi leggere o mandare messaggi al quel canale.",
    "utility_quotes_notfound": "Non è stata trovata nessuna citazione corrispondente all'ID specificato.",
    "administration_prefix_current": "Il prefisso in questo server é {0}",
    "administration_prefix_new": "Prefisso in questo server cambiato da {0} a {1}",
    "administration_defprefix_current": "Il prefisso base del bot é {0}",
    "administration_defprefix_new": "Cambiato il prefisso base del bot da {0} a {1}",
    "administration_bot_nick": "Il soprannome del Bot é cambiato in {0}",
    "administration_user_nick": "Il soprannome dell'utente {0} é cambiato in {1}",
    "administration_timezone_guild": "Il fuso orario di questa gilda é '{0}'",
    "administration_timezone_not_found": "",
    "administration_timezones_available": "Fuso orari disponibili",
    "music_song_not_found": "Nessuna canzone trovata.",
    "searches_define_unknown": "Impossibile trovare la definizione per quel termine.",
    "utility_repeater_initial": "",
    "utility_verbose_errors_enabled": "I comandi usati incorrettamente faranno ora vedere gli errori",
    "utility_verbose_errors_disabled": "",
    "permissions_perms_reset": "I permessi per questo server sono stati resettati.",
    "permissions_trigger": "",
    "administration_migration_error": "Errore nella migrazione, controlla la console del bot per maggiori informazioni.",
    "searches_hex_invalid": "",
    "permissions_global_perms_reset": "I permessi globali sono stati resettati.",
    "help_module": "",
    "games_hangman_stopped": "",
    "music_autoplaying": "",
    "music_queue_stopped": "",
    "music_removed_song_error": "",
    "music_shuffling_playlist": "",
    "music_songs_shuffle_enable": "",
    "music_songs_shuffle_disable": "",
    "music_song_skips_after": "",
    "administration_warnings_list": "Lista di tutti gli utenti avvisati in questo server"
}